2020,78.1669,76.30535,76.6449,74.46355,73.7321,75.46525,72.5179,72.8075,74.1166,73.9871,72.6043,74.8816,75.7375,72.6186,76.2706,73.6828,73.3859,74.50955,73.17095,75.864,74.06665,72.6348,74.93565,73.5935,73.4776,75.34045,73.0643,73.9323,75.32595,76.2862,74.72525,77.51535,75.24895,73.74245,75.576,78.3881,76.3463,77.01645,76.79395,76.4476,77.2788,78.495,78.09895,77.18035,77.88985,78.3575,77.89885,78.8189,79.87095,79.07885,79.7515,80.9829,80.65985,80.83625,80.46955,81.0839,81.4088,81.5961,81.82025,82.14785,82.09645,82.3872,82.4711,82.168,82.50185,82.5176,82.29335,82.65625,82.6932,82.42685,82.4607,82.36185,82.47315,82.05535,82.63495,82.06425,82.2659,82.2866,82.30865,82.2443,81.9457,81.7141,81.7458,81.62745,81.31525,81.7506,81.67895,81.21345,80.9703,81.09685,81.10005,80.76525,81.1488,80.78215,80.8117,80.22445,80.2735,80.2889,80.0268,79.6659,79.40035,79.2653,79.03095,79.0072,78.8797,78.4109,78.413,78.32935,77.91585,77.891,77.6108,77.52795,77.24205,77.0207,76.7736,76.57345,76.62955,76.30555,76.3691,75.9751,75.7323,75.40155,75.4996,75.20785,74.8475,74.91305,74.49865,74.21895,74.12335,74.2114,74.1292,73.79115,73.5973,73.50035,72.95655,72.86695,72.9178,72.6973,72.336,72.1846,71.9004,71.65165,71.41955,71.0114,70.6503,70.4917,70.15615,69.98555,69.52215,69.25655,68.95935,68.6415,68.14385,67.8573,67.7067,67.2236,66.89,66.46275,66.14325,65.70545,65.2548,65.07995,64.57555,64.1729,64.0038,63.5921,63.3615,63.33405,62.8051,62.87675,62.65405,62.8232,62.51435,62.3142,62.3318,62.20485,62.0701,62.3164,62.039,62.0709,61.8983,61.88345,61.86365,61.762,61.9119,61.7362,61.70415,61.5315,61.69925,61.6145,61.4456,61.4217,61.3025,60.93965,61.006,60.86975,60.71575,60.73975,60.3789,60.3594,60.35385,59.83925,59.7769,59.7093,59.15325,59.01435,58.4682,57.9064,57.8357,57.6744,57.30335,56.68575,56.2615,56.10855,55.6137,55.20795,54.9044,54.7126,53.9194,53.5846,53.5423,53.0359,52.68645,52.38685,51.6288,51.71015,50.90495,50.5926,50.1225,49.8369,49.57765,49.30975,48.80955,48.60315,48.23835,47.5825,47.45045,46.7864,46.7605,46.54815,45.89985,45.91295,45.4521,45.33415,44.94505,44.339,44.40665,44.09385,43.9656,43.65375,43.22045,42.475,42.9826,42.6231,41.89335,41.98525,41.7378,41.18535,42.2749,41.5484,42.39725,42.2449,42.68625,42.8418,43.28765,43.83365,44.3042,46.3226,45.96995,50.2014,50.22865,52.34185,52.4947,54.1096,54.8732,57.558,61.28385,58.72405,60.2009,60.9637,59.5972,60.10395,62.26815,57.84365,60.5735,60.48135,59.96875,61.0316,60.30895,56.78895,58.515,61.2757,61.17635,60.9547,65.95595,63.3289,59.688,64.312,64.871,62.71275
2020,71.7284,70.3132,74.75175,69.42205,64.7181,67.6919,68.661,64.50715,65.9295,67.42515,68.31165,67.83055,69.14755,69.648,67.98475,68.45545,68.9767,68.49705,70.0853,70.9485,69.886,66.6145,67.50565,66.61965,67.686,66.9457,68.50335,68.3257,67.47155,67.79165,69.878,68.13515,70.47915,69.3472,70.2465,70.2772,67.2687,70.3777,69.54015,69.7125,68.6105,69.33635,69.0878,68.8604,70.9851,70.2483,71.4499,71.4039,72.5504,72.68895,73.0129,73.41455,74.4491,74.56135,73.8224,76.18625,74.83925,75.06225,76.81545,75.5263,76.5961,76.2404,78.0724,76.302,76.73835,76.7157,76.68005,77.2432,77.9352,77.7251,78.1524,77.31005,78.7722,77.7568,77.7806,78.26395,78.24675,78.2409,78.27045,77.7899,77.9263,78.25905,78.0934,77.89785,77.5251,78.07,77.2259,77.32265,76.9222,77.528,77.95235,77.4074,77.00525,77.03655,77.28225,76.70725,76.5161,76.7558,76.70925,76.86335,76.5194,75.57255,75.9474,76.0816,75.47005,75.7973,75.7699,74.9192,75.14215,74.35745,74.52625,74.1554,74.16095,74.12865,73.35235,72.9588,73.4809,73.46605,72.6446,73.0721,72.6647,72.1874,72.6244,71.48955,71.30215,71.39475,71.5947,70.93085,70.65545,71.3834,70.31495,70.2142,70.3256,70.44515,69.64965,70.13075,69.4387,69.2542,69.25845,68.9885,68.64915,68.5376,67.9577,67.55235,67.4405,67.16375,66.56825,65.51515,66.30295,65.6204,64.95495,65.00095,64.52585,64.2578,64.2355,63.3375,62.95675,62.5014,61.9012,61.42985,61.2392,61.0815,60.48355,59.5156,59.2999,59.4132,58.5116,59.0232,58.9342,58.72535,58.2866,57.8801,58.39875,57.8004,58.06455,57.18275,57.31245,56.9827,56.73815,57.35435,57.41995,57.26885,56.89755,56.65425,56.64635,56.61595,56.53025,56.98515,56.5152,56.60535,56.54235,56.7615,56.16125,55.8307,56.1251,55.38155,55.61285,55.51005,54.92455,54.82255,55.0092,54.04325,54.4542,54.34065,53.61755,53.1204,52.2259,51.815,51.92045,51.857,51.3802,50.88005,50.1323,49.7882,49.06695,48.49835,48.41615,47.61305,48.0036,47.6915,46.89685,45.7692,45.867,45.4259,44.7518,44.7762,43.56065,43.39395,42.9224,42.51665,42.35845,42.16055,41.55825,40.8959,40.3927,39.65145,39.48685,38.25425,39.17135,38.61915,37.49015,36.5368,36.99245,36.4831,36.80185,35.80815,35.84945,35.2158,33.7973,33.6954,33.1096,31.8959,32.04605,33.5074,31.8246,31.5908,32.0847,30.96055,31.2655,31.7409,31.18215,31.95655,31.29395,31.92765,32.47535,32.9368,36.49035,35.0599,37.70195,39.2495,39.3579,42.10415,41.5121,42.7828,45.62935,46.6779,48.6502,47.493,50.0292,50.69285,47.8496,50.6031,52.07105,51.68815,49.43455,49.45,48.4592,51.62135,47.89955,54.6415,49.45545,50.7946,51.36635,52.16555,53.32595,48.68775,52.2246,50.2478,54.37575,55.0398
2020,78.9451,77.8711,73.4335,73.7723,70.66955,69.01485,70.8559,70.48915,72.2973,68.97085,71.6518,71.9462,74.9893,71.34285,71.5336,70.91345,74.0364,74.5605,71.8768,73.22575,72.8453,74.201,72.7768,72.411,75.1404,71.1878,71.0065,68.8848,71.46305,73.86285,75.23195,71.07855,72.8457,73.5665,75.33475,71.1347,72.51715,73.09145,74.096,73.9628,73.3662,74.22885,73.54515,76.26025,74.39785,73.759,76.55455,75.61945,74.9109,76.29035,77.4244,76.81175,77.6505,78.0534,78.8634,79.212,78.44945,80.5501,79.61575,81.2327,81.4139,79.84885,80.21475,81.39505,81.21885,81.22615,82.4072,81.5443,82.1613,81.64555,82.43905,81.6354,82.7844,82.7356,83.11925,82.0765,82.87685,83.11095,82.2078,82.7444,82.2157,82.4287,82.9644,81.83775,82.53815,81.4763,81.8083,82.373,82.0135,82.3049,82.07105,81.715,81.714,81.75665,81.3523,81.2972,81.25545,80.78435,81.25615,80.2764,79.92325,80.60215,80.2722,80.08995,79.9664,79.5954,79.02,79.4484,79.6306,79.17345,78.8279,78.6058,78.99865,78.5557,78.23155,78.4915,77.64965,77.83355,77.0774,78.2847,76.57765,77.19165,76.0703,76.69985,76.12815,75.97315,76.74395,75.9174,75.9272,75.17905,75.04515,75.1097,74.5664,74.54275,74.1635,74.73785,73.605,73.50445,73.3091,72.8819,72.78065,72.7539,71.60885,71.9711,71.46315,71.4565,70.83325,70.85865,70.35515,69.9764,69.58095,68.9183,68.74895,68.3611,68.03065,67.4073,66.8475,66.25195,65.9962,65.43705,65.64655,64.4598,64.20505,63.41535,62.8901,62.3725,62.81065,62.70545,62.08205,62.10075,62.1293,61.7087,61.6208,61.19955,60.8579,60.77735,61.6453,60.16425,60.1002,60.57025,59.99555,59.93045,60.34205,60.8639,59.54185,59.88795,59.57765,59.54145,59.08865,59.06715,59.66965,58.9978,59.0622,58.6808,58.1235,58.8692,58.14005,57.90025,57.62945,57.1109,56.9461,56.92075,56.43465,55.94015,56.135,55.7708,54.81155,53.62705,53.70465,53.94745,52.9218,52.3159,52.4665,51.756,51.50945,51.6439,50.2715,49.63125,49.1353,48.7082,48.41745,47.3904,47.33605,47.6088,46.70485,46.283,45.1223,44.7266,44.18435,44.64215,43.6492,43.8567,42.6533,42.7543,41.59255,40.51,40.82225,39.5874,39.5601,39.89585,38.9518,38.08025,37.69955,37.05365,36.4166,36.55835,36.9218,36.7353,35.66565,35.1881,35.21545,33.3814,33.7002,34.08755,33.37985,34.3114,33.5145,32.944,32.60615,32.7365,31.8295,30.9449,35.4861,34.8013,34.54235,36.20745,36.7037,35.0894,38.3502,41.8156,43.48045,45.33995,45.3481,49.14085,49.4927,50.47375,52.715,53.2287,55.4948,52.305,50.78675,59.97305,53.93545,54.062,53.5088,55.6688,54.1881,52.6938,52.6817,54.4058,50.56785,54.7567,60.4174,57.39445,54.09225,58.70135,54.58295,63.47575,59.3317,58.63025
2020,70.73995,71.9949,69.74375,64.22915,66.2044,64.6559,64.37605,66.61745,63.7207,66.6257,62.5078,64.9603,64.3671,65.4477,65.7622,66.2047,64.16115,69.92845,66.2399,64.53105,63.9984,68.66865,67.2013,68.2652,66.96385,66.33875,65.8067,66.65515,70.02495,69.06895,68.52515,67.8458,67.0591,66.81195,69.53225,68.85035,70.33595,68.13995,73.0972,70.1695,71.0156,72.22475,72.4561,71.88285,72.354,73.8698,72.54685,73.72325,74.6747,73.8753,75.2322,75.74405,76.4189,75.0,76.617,77.6595,77.7614,77.91885,78.68245,78.787,79.01225,78.46785,78.37495,78.5095,78.3966,78.1578,79.2554,79.58665,78.932,79.61485,79.14745,79.15545,78.9289,78.68635,79.6859,79.60685,79.6047,78.7957,79.00735,79.04225,78.1176,78.5226,79.3005,78.5288,78.5433,77.71655,78.55645,78.25855,78.23385,78.10065,78.06425,77.95445,76.5647,77.4522,77.38445,77.35335,77.06335,77.00995,76.98275,75.56765,76.31325,76.1139,75.41495,75.1359,75.2513,75.8117,75.0561,74.634,74.2648,74.52065,73.98635,74.34955,73.8151,74.0111,72.9733,73.2617,73.01435,72.94335,72.4456,72.00545,72.4962,71.9524,71.3086,71.75295,71.189,71.1755,70.97025,70.4695,69.81915,70.5626,69.84915,69.7661,69.4175,69.17415,68.62075,68.39975,68.54765,68.16455,68.35355,67.89335,67.3022,67.1027,66.6444,66.22905,66.3504,66.01625,65.23375,65.3523,64.847,64.59795,64.40725,63.8752,63.5276,63.2635,62.7332,61.9683,62.3795,61.38635,61.26745,60.43535,60.7276,59.5393,59.3933,59.38275,58.41465,58.18555,58.32215,57.57775,57.572,57.17915,57.3599,57.25795,56.92565,57.1018,56.883,56.8559,56.62185,56.4324,56.31155,55.8212,56.13655,56.1376,56.12435,55.82005,56.0871,55.7816,55.321,55.4002,55.27605,55.0293,55.4576,54.9653,54.6732,54.9519,54.50505,54.1046,54.1861,53.87285,53.42685,53.36325,53.0857,52.70585,52.21525,52.2217,51.8228,51.3926,51.0061,50.35415,49.8706,50.0237,48.9858,49.19675,48.80445,48.4857,47.6968,47.1378,47.0453,46.57465,46.1711,46.67315,45.4413,45.1039,44.3252,43.93065,43.2876,43.47385,42.24045,42.6141,41.60295,41.10805,41.5269,40.8764,40.75255,39.9453,38.8885,38.0827,38.1735,37.91375,38.20325,37.5744,36.65635,36.15315,35.6125,35.0015,35.1373,33.92145,34.5603,33.63645,33.4075,32.8681,33.11325,32.81695,31.5647,30.9774,31.2989,31.70375,31.0128,30.4287,30.7942,30.42095,31.06705,31.65105,33.7361,31.53755,33.40765,32.76015,34.87715,36.37885,36.9643,38.6152,43.0569,40.95685,45.00035,47.1973,48.9321,47.4138,48.9357,52.0894,50.058,52.02175,51.0072,49.98185,49.3712,54.5461,51.2729,53.49835,52.58885,52.1773,51.7102,55.1708,50.79725,51.02585,52.88515,54.06305,55.84605,53.3303,54.06565,52.3523,55.28945,56.09035
2020,71.70605,69.089,65.5847,65.8553,64.88515,65.535,64.39705,64.99235,67.3275,66.15795,65.3588,65.0092,64.43605,67.4688,66.14905,65.95295,68.06125,66.79535,67.2856,63.64645,65.16495,67.84885,66.8922,67.7114,69.96995,68.5536,68.5188,68.7364,68.69505,68.9741,67.4187,66.08905,68.89355,67.85995,68.4187,68.3528,68.5308,69.07765,70.7197,67.8521,70.0272,68.7649,69.27445,72.26775,70.1165,70.62965,71.00215,71.04865,71.2217,73.5749,72.81995,73.57055,74.59975,73.9277,74.7568,74.72675,74.77155,74.7638,75.6666,74.97975,76.07295,76.79455,77.0727,75.91195,76.1472,76.2682,76.3783,76.0614,77.2686,76.61985,76.67805,76.8281,76.4045,76.50715,77.05425,77.1672,77.37355,77.7481,76.6325,76.89625,76.51055,76.90355,76.2198,76.69375,76.0019,76.4254,76.611,75.92565,75.70405,75.85555,75.8842,76.0989,75.9729,75.6595,75.98995,74.89345,75.74875,74.1377,74.609,74.14905,74.6197,74.3946,74.23645,73.96315,73.87145,74.33565,73.3789,73.4294,72.4643,72.8954,72.5361,72.2492,72.39705,71.8322,71.763,71.7843,71.0917,71.54765,70.7266,70.7873,70.40365,70.5825,69.8653,69.4764,69.4194,69.41665,68.96245,68.73035,68.50165,69.08235,68.5285,68.0598,68.1533,68.24925,67.6454,67.47835,67.554,66.86995,66.3928,66.45745,66.3115,65.93865,66.02105,65.1467,65.20795,64.63745,64.5226,64.64225,63.40205,63.3602,62.8623,62.8156,62.1589,61.94935,61.28355,62.10215,60.98225,60.38535,59.8882,60.12055,59.35435,58.7146,58.4509,57.82995,57.2211,57.26655,57.04515,57.15425,56.26885,56.3797,56.0814,56.3831,56.4199,55.8413,55.19795,55.5045,55.1819,55.50395,55.1969,54.9494,55.09035,54.5709,54.55425,54.59305,54.3744,54.125,54.666,54.27405,54.15405,54.06865,53.91005,53.5784,53.36635,54.4847,53.46965,53.4053,52.8863,52.73205,52.34015,52.23605,52.95255,52.192,51.52255,51.0393,50.81725,49.94315,49.8453,49.62135,49.7597,48.93995,48.16085,48.1837,48.11315,47.69425,46.6581,46.78945,45.911,45.6984,45.56475,44.96805,44.91425,43.70265,43.55805,42.5756,42.78325,42.1528,41.70175,41.78135,41.40505,40.32475,40.62485,39.9454,39.24725,38.81295,39.2882,38.5011,37.72815,38.3539,36.7489,36.6562,35.4723,35.654,35.0018,35.037,34.31005,34.6035,35.05195,32.69845,34.35085,32.09435,32.0255,30.99345,31.5937,31.22195,32.4821,29.9219,29.98145,29.74135,30.206,30.1358,31.79635,34.00895,32.37335,31.7794,32.04785,33.2154,34.3812,35.83545,37.18745,38.33655,38.8238,43.36455,43.91025,44.92615,48.3465,48.91535,49.7898,49.522,51.80095,53.1545,50.6186,51.75875,53.29655,50.99365,50.3225,55.7447,52.98595,51.66785,54.6461,51.0144,53.2747,53.32495,51.36965,55.55435,53.233,54.42875,54.5163,55.42875,53.51605,57.80305
2020,80.43390607101948,80.93682703321879,74.36071019473081,74.3475372279496,74.48883161512028,69.41941580756014,73.0561855670103,74.14473081328751,70.45435280641466,73.45761741122566,76.4089919816724,74.2455326460481,73.99095074455899,73.64822451317296,71.67479954180985,70.68739977090493,72.21443298969072,71.90234822451318,73.98883161512028,71.94856815578466,72.10028636884307,75.11912943871707,73.89954180985109,72.603264604811,74.74484536082474,73.29324169530355,71.89020618556701,70.59593356242841,69.7336197021764,71.86792668957618,71.57938144329897,70.78991981672394,69.53751431844215,68.08006872852233,72.99747995418099,71.12308132875143,69.98109965635739,69.28258877434135,69.56288659793815,67.59455899198167,69.47886597938144,67.76099656357388,70.71460481099656,68.35309278350516,68.71277205040091,68.99707903780069,67.84581901489118,68.9930126002291,69.0110538373425,68.54931271477663,67.70876288659794,69.20675830469645,70.33625429553264,70.59249713631156,69.74942726231386,69.6114547537228,70.52726231386025,70.31626575028636,71.9749713631157,71.65063001145475,71.64369988545246,71.78631156930126,72.21872852233678,71.81884306987399,72.14238258877434,72.20200458190149,72.19398625429554,72.93064146620847,72.85945017182131,73.21225658648339,73.29169530355098,73.0406071019473,74.38035509736541,73.39942726231386,74.00652920962199,73.86328751431844,74.25234822451317,73.60893470790379,74.5418098510882,74.85263459335624,74.33276059564719,75.16305841924398,74.51953035509736,74.54679266895762,75.05194730813288,75.05343642611683,74.83344788087057,75.09982817869415,75.21935853379152,74.7508018327606,75.10681557846506,75.06437571592211,75.5111111111111,74.79198167239404,74.4995990836197,75.38791523482246,75.2471363115693,75.21918671248568,74.6651775486827,74.96901489117984,75.3881443298969,74.82382588774341,74.9266323024055,75.20549828178694,74.78424971363116,74.968843069874,74.72594501718213,75.06907216494845,74.55389461626575,74.72903780068728,74.53625429553264,74.53539518900344,74.41798396334478,74.72142038946163,74.93991981672394,74.26506300114548,74.36174112256586,74.57966781214203,74.52525773195876,73.29536082474227,73.62491408934707,73.60085910652921,73.6545246277205,73.74725085910653,73.72674684994273,73.43745704467354,73.4201030927835,73.06099656357388,73.44318442153494,73.13384879725086,73.04936998854525,72.9946735395189,72.4213058419244,72.47697594501719,72.3163802978236,72.1553264604811,72.21821305841924,72.0549255441008,72.06861397479955,71.99845360824742,71.70790378006873,71.66008018327607,71.48946162657502,70.97279495990836,71.28877434135165,70.72972508591066,70.45973654066438,70.13928980526919,69.95154639175257,70.03516609392898,69.6278350515464,69.17359679266896,69.3487972508591,69.34942726231387,68.64495990836197,68.53350515463917,67.95853379152348,67.40441008018328,67.07136311569302,66.65257731958764,66.8377434135166,66.08144329896908,65.43957617411226,65.51197021764033,65.15469644902635,65.13087056128293,64.32302405498282,64.4270332187858,64.44988545246277,64.35148911798396,63.93046964490264,63.77262313860252,63.901890034364264,63.393470790378004,63.58407789232532,62.97565864833906,63.20956471935853,63.059965635738834,63.388430698739974,62.85217640320733,62.87966781214204,63.483276059564716,63.30269186712486,63.61008018327606,63.221076746849945,63.215922107674686,63.22262313860252,63.68619702176403,63.07439862542955,63.470446735395186,63.347938144329895,63.50595647193585,63.0286941580756,62.76901489117984,63.411741122565864,63.27273768613975,63.631500572737686,63.011340206185565,63.18390607101947,62.286941580756015,62.79289805269187,62.970847651775486,62.259278350515466,62.424971363115695,62.50349369988545,61.62691867124857,61.67657502863688,61.7471363115693,60.61443298969072,60.97995418098511,60.92153493699885,60.38081328751432,59.799656357388315,60.162313860252006,59.48207331042383,59.18991981672394,59.38430698739977,58.86998854524628,58.7549255441008,58.55761741122566,58.79684994272623,57.85704467353952,57.50589919816724,57.248224513172964,56.57983963344788,56.57983963344788,56.11489117983963,55.77875143184421,55.008591065292094,56.03327605956472,55.26248568155785,54.041867124856815,54.88493699885453,54.228865979381446,53.95303550973654,53.57382588774341,53.06626575028637,52.986197021764035,51.84381443298969,52.16288659793815,52.77119129438717,50.57411225658648,50.47812142038946,50.74404352806415,50.44163802978236,49.55836197021764,48.404810996563576,49.65910652920962,49.44066437571592,49.500801832760594,49.669530355097365,47.79873997709049,48.54828178694158,47.983390607101946,48.05939289805269,47.74793814432989,47.60211912943872,47.378350515463914,48.651260022909504,49.6209049255441,48.00183276059565,47.18671248568156,48.75320733104238,49.93098510882016,51.174627720504006,49.361111111111114,51.58407789232532,53.97726231386025,54.963172966781215,54.47743413516609,56.28871706758305,57.48911798396335,61.74381443298969,60.713001145475374,63.011512027491406,65.28619702176404,66.86483390607101,66.0298969072165,64.99473081328752,64.51786941580757,67.18562428407789,68.02262313860253,67.67794959908362,68.5069873997709,66.4487972508591,66.67325315005728,65.54415807560137,69.18516609392898,65.7053264604811,69.65790378006872,65.75504009163804,68.63230240549828,68.5979954180985,64.16809851088202,67.06809851088201,68.96294387170676,68.69742268041237,66.43218785796105,70.85034364261169,68.73064146620848
2020,76.9772,75.1634,71.813,72.1574,76.0222,72.1174,72.45235,71.20235,73.928,71.78575,69.75035,73.69205,72.1078,71.6688,71.0982,72.1839,71.58545,72.7223,72.24105,71.64995,73.07705,70.9228,73.40405,71.45005,73.6197,73.8646,75.3934,73.19445,73.6568,75.8012,74.32895,74.6998,74.80185,73.11875,75.16575,76.1848,75.17025,74.88315,74.944,75.44285,75.3982,76.0336,76.88655,76.1034,76.0438,77.6859,75.90175,77.0783,77.58985,77.59225,78.0498,78.83025,79.92785,78.71495,79.1733,79.7131,80.1558,80.3887,79.8051,80.16645,81.1718,80.7977,80.3096,80.8147,81.0338,81.3536,81.4685,81.59295,81.32005,81.59305,81.2804,80.54525,81.2183,81.1975,80.78905,80.56825,81.01775,80.5564,80.5595,80.85925,80.92335,80.48355,80.05195,80.45195,79.89315,80.182,79.85775,79.5885,79.4109,79.61785,79.7829,79.28225,79.49865,78.82695,79.13275,78.9764,78.6813,79.14865,78.32785,77.95285,77.88075,77.5919,77.5177,77.74665,77.54395,76.9769,76.7807,76.6926,76.41945,76.23515,76.3803,76.38535,75.95915,75.4325,75.2353,75.18325,75.16615,74.74165,74.82725,74.6891,74.44755,73.9022,73.89795,73.5389,73.3598,73.4024,72.708,72.73945,72.91355,72.75465,72.16255,72.0837,71.9721,71.8113,71.737,71.1515,71.37425,71.35285,70.9492,70.21865,70.23185,69.6329,69.79575,69.52875,69.03255,68.9484,68.2064,67.92645,67.83825,67.28865,67.06665,66.8616,66.26285,66.32735,65.69845,65.21225,64.9955,64.51595,64.07495,63.80365,63.51115,63.19115,62.73305,62.12635,62.12065,61.9337,61.4821,61.148,61.275,61.0133,60.53255,60.74315,60.18035,60.19235,60.416,60.1493,59.9538,60.36425,60.23575,60.0392,60.04635,59.7102,59.876,59.64685,59.8012,59.6693,59.67165,59.6225,59.41475,59.48585,59.3037,59.2742,59.1894,58.90085,58.5575,58.5671,58.63105,58.2959,57.8143,57.68585,57.7975,57.60685,57.4109,57.25615,56.6849,56.5915,55.94065,55.79245,55.1978,55.503,54.79465,54.5295,53.5733,53.26865,53.47135,52.9571,52.944,51.8701,51.6088,51.8013,51.30805,50.7172,49.7893,50.335,49.18095,48.77515,48.4611,48.0347,47.49965,47.2268,47.5391,46.31185,46.11675,45.5334,45.3905,45.59325,44.46945,44.70235,44.19765,43.69625,43.3135,42.9881,42.74865,42.1647,42.1604,41.7725,41.31465,41.21785,41.5536,40.75215,40.6397,39.52095,39.89355,39.53465,39.6458,40.24625,38.3493,39.63905,39.46245,38.29235,39.3407,39.6665,39.994,39.86015,40.2308,41.80925,43.5418,44.1873,44.6574,48.30475,47.85975,49.65765,51.25015,52.66075,53.90155,56.5495,60.0077,58.0118,59.84425,61.1636,59.7219,59.13335,61.6735,58.23905,63.8653,62.08965,60.50495,60.05085,60.1847,58.10605,62.79485,61.4467,61.44255,61.59075,65.16425,62.90625,61.36225,62.776,62.838,66.1583
2020,68.10675,68.0743,67.09445,66.94935,64.75615,67.9153,65.1534,65.54375,65.73525,63.1893,66.60695,64.0307,63.90995,65.50565,65.41835,65.37435,65.40215,67.41075,66.75575,68.1529,68.0012,67.14425,67.7358,64.89405,68.06305,65.66135,66.3091,65.9915,66.49285,67.96555,68.35565,65.80395,67.4029,69.30425,69.74135,67.3509,68.6771,68.51605,67.3469,68.74585,67.2638,69.2249,69.49195,69.51065,69.2235,70.2942,71.07645,71.78635,72.97145,72.93975,72.2927,73.4,74.1066,73.40645,73.93595,75.18345,74.29735,75.37045,75.9451,75.82995,75.5494,75.22335,76.872,76.304,77.10115,76.9732,75.9393,77.2429,77.13755,77.3776,77.174,77.10955,76.9574,77.04685,77.7784,77.89015,77.1495,77.38875,77.4711,77.17975,77.40015,77.21345,76.94205,77.56285,77.33755,76.7999,76.62185,76.97465,76.32865,76.50575,76.18685,76.51505,76.1618,76.45855,75.81025,75.90945,75.52745,75.67675,75.56205,75.48405,75.13305,74.6493,74.75205,74.77685,74.05445,74.49565,74.20685,73.8994,73.9735,73.47225,73.0184,72.8506,73.0496,73.0237,72.30565,72.3014,72.2366,71.9999,71.62305,72.15525,71.0929,70.9233,70.76755,70.367,70.46585,70.5068,70.0854,70.0124,70.11265,69.7567,69.1219,68.98895,69.0683,69.06755,68.99065,69.07995,68.10065,68.17965,67.78265,67.44635,67.7051,67.50645,66.8956,66.6191,66.39655,65.88845,65.46335,65.57685,64.90145,64.58245,64.2988,64.17165,63.52505,63.51065,63.1366,62.24935,62.4098,62.1262,60.84235,60.64685,60.6679,60.4324,59.5087,59.2984,58.82315,58.80365,58.12555,58.0026,57.71395,57.6934,57.526,56.9352,57.05245,56.77525,56.89,56.90155,56.89325,56.64,55.9228,56.55975,56.1468,56.0435,55.69805,56.1596,56.0162,55.63385,55.87455,55.1392,55.5614,55.7241,55.2289,55.2686,54.7602,54.9443,54.3911,54.2391,54.1909,54.1914,53.98155,53.007,53.52175,52.6162,53.08085,52.72255,51.8286,51.374,51.28645,50.56845,50.53275,49.977,49.82445,49.35665,48.36345,47.7681,47.72425,47.18805,47.0381,46.34475,46.3849,45.5395,45.0029,44.16225,43.82445,43.3033,43.0722,42.6837,41.76965,42.2502,41.20215,40.8072,40.16115,39.6822,39.70615,39.15795,38.38715,38.03575,37.0089,37.01315,36.76415,36.35035,36.1833,35.3837,34.3594,34.3067,34.2462,33.54665,33.342,32.5863,32.90325,30.9818,31.73335,30.87965,30.538,30.02675,31.2059,29.7014,29.77345,29.68895,28.68335,29.59035,29.0854,30.1249,30.31345,30.27455,32.58055,32.0509,33.50145,34.94375,37.0077,36.0329,36.8929,39.60815,41.0171,40.94035,46.95445,46.0795,47.72365,49.4879,48.1361,47.84975,47.72075,51.4376,50.4068,52.75205,49.55605,49.86325,47.68175,48.93985,49.3416,51.8877,48.75255,51.58575,52.4912,52.1966,49.0776,48.6288,50.25715,51.82825,51.06345,50.68925
2020,70.0107,69.34685,65.9261,67.37225,67.13035,64.97,67.1353,64.9482,67.4996,63.45575,65.16215,68.2348,69.05785,64.72415,66.7853,66.7311,69.6572,69.74885,65.95015,66.1287,67.2935,72.2319,67.21295,65.74455,66.95735,68.3183,68.0814,65.8587,67.44955,69.2576,68.9815,66.9677,66.3156,69.21255,67.7364,65.8769,66.614,68.5104,69.48315,68.8959,68.38685,67.93765,68.0359,72.2252,68.8843,69.6777,72.1801,69.3991,70.50075,70.33725,72.36825,71.4215,72.35735,72.2728,73.77905,73.725,74.9682,75.30575,74.88865,76.0584,75.2859,75.79075,75.30125,76.3892,76.4356,75.96125,77.5029,76.89575,77.1204,76.77945,77.5123,76.81375,77.8315,77.9599,77.9877,77.2064,77.61685,77.5764,76.96,77.5629,77.3836,77.98075,78.19095,76.92895,77.30525,76.59365,76.852,77.2234,77.077,76.81615,77.0546,76.68455,76.24235,76.9125,77.1493,76.05285,76.3597,76.12135,76.0863,75.5784,75.2274,75.35905,75.25395,74.93785,74.91875,74.3954,73.75165,74.69825,73.9872,74.12785,73.85665,73.22895,73.98645,73.15345,73.023,73.1944,72.29555,72.9473,71.88525,72.0439,71.4267,72.03095,71.36045,70.9865,70.77545,70.80865,71.1697,70.2784,70.47065,69.5515,69.8347,70.146,69.6073,69.18175,69.0734,69.0783,68.43095,68.412,68.16145,67.8285,67.9783,67.70375,66.44685,66.68205,66.3332,66.24295,65.89875,65.68825,65.61745,65.0035,64.5836,64.13195,63.87035,63.5371,63.10135,62.64275,62.40595,62.04165,61.53465,60.4576,60.78645,59.72395,59.6923,58.4877,58.7565,57.79815,57.96845,57.9371,57.41285,57.26065,57.3554,56.9152,57.08455,56.4759,56.2161,55.98685,56.45385,55.7199,55.26865,55.4077,55.05845,55.0237,55.5896,55.21945,54.5299,55.3193,54.42095,54.91505,54.32545,54.1694,54.17035,53.66645,53.57535,53.56295,52.91955,53.42495,52.7671,52.8125,52.70385,51.9567,51.89245,51.2925,51.0153,50.53045,50.4375,50.5769,49.5443,49.0551,47.9292,48.12915,47.24215,47.16975,47.19325,46.5542,45.6885,45.5223,45.10475,44.365,43.72805,43.34335,43.06075,42.30465,41.40435,41.4344,40.6731,40.739,39.71215,38.8702,38.5904,38.76445,37.88685,38.25665,36.86175,36.7909,36.18545,35.0354,35.27205,33.96355,33.91625,34.36285,33.13315,32.91445,32.1947,31.0745,30.81675,32.8,31.0833,30.33355,29.7418,30.27635,29.54195,29.2251,27.9305,28.01405,28.29685,28.7457,27.73805,28.34585,27.8811,28.1348,27.716,27.86975,29.21045,30.11035,30.8355,31.69525,31.899,32.89515,34.08485,37.36665,42.72695,41.95805,40.56655,45.54665,46.44225,43.989,48.0807,48.67835,49.0209,48.41665,47.73015,50.77735,51.0172,54.63075,49.9853,53.7672,53.9009,47.6408,51.6196,53.0767,47.34975,47.9677,52.32485,51.666,50.43785,51.54565,51.3343,56.19175,53.7284,58.87775
2020,71.57605,70.40665,70.4957,70.24485,69.35345,67.99525,70.2874,68.04405,68.1908,71.79155,71.6435,68.44335,70.42105,70.72525,68.509,71.51045,67.27545,68.73485,71.9104,70.37845,68.80545,68.81505,72.05065,70.11505,70.53165,69.39695,72.0733,69.2962,70.8681,70.32275,70.258,70.4388,70.59935,69.08405,70.066,73.0532,72.0095,69.3716,73.1079,70.2122,73.03185,74.2635,71.1797,73.2172,74.58155,73.2402,73.57795,75.26405,74.2406,75.22835,75.26765,76.17545,76.4423,76.088,76.92045,78.1193,78.5747,78.58785,78.8567,79.2507,78.995,78.5812,79.6485,78.774,79.40575,79.6263,80.45025,80.47455,79.56265,80.0828,80.3017,80.37905,80.05205,80.3891,80.43395,80.7989,80.6415,79.9903,80.9698,80.1327,80.19535,79.8847,80.1936,79.6893,80.5578,79.64805,79.9768,80.0698,80.07065,79.4597,79.46415,79.4862,79.23245,79.6138,79.25115,78.49675,79.3281,78.80185,78.8895,78.3671,78.34825,78.2598,77.60045,77.5485,77.87715,77.7802,77.45105,76.905,77.3568,76.65965,76.46455,76.2197,76.37925,76.2752,75.46365,75.7883,75.80145,75.39,75.02775,75.14495,74.5548,74.336,74.30875,73.67085,73.8382,73.62795,73.64515,72.93125,72.86845,72.88915,72.35285,72.5463,71.6243,71.6927,71.48915,71.24315,71.5565,70.86855,70.6923,70.30875,69.8764,69.81355,69.7729,68.7064,68.801,69.07875,68.20135,67.854,67.64435,67.54775,67.0551,66.74115,66.32315,66.14595,65.874,64.81665,64.97005,64.362,63.50045,63.6941,63.5408,62.229,62.30285,61.8596,61.4363,60.90835,60.10755,60.50535,60.26445,59.39925,59.18685,59.4054,58.7788,58.84165,58.7123,58.8021,58.24815,57.96735,57.9359,57.9523,58.1752,57.47885,57.2658,57.54345,57.21475,57.0165,57.10635,56.7151,56.51,56.66955,56.7349,56.2679,56.42675,56.11425,55.8037,55.40535,54.901,55.2262,54.7089,54.5214,54.3528,53.70465,53.5395,53.2447,52.509,51.76005,51.6017,51.41435,51.08235,50.4369,50.26515,49.705,48.70215,48.98365,48.17815,48.0142,47.1611,46.967,46.73765,45.6211,45.2753,44.2958,44.19455,43.3144,43.3739,42.444,41.90225,41.9707,41.3055,40.61145,40.6445,40.31355,39.163,39.7642,38.80605,38.3041,38.1652,37.3761,37.41965,36.64295,35.887,34.2477,34.19285,34.28945,34.41615,34.2943,33.54575,32.84025,32.0317,31.7188,31.9293,30.79905,30.29375,30.5071,30.65485,30.58625,30.83025,30.69545,30.367,30.08175,29.9886,31.61245,32.4056,30.8303,32.93265,34.45585,34.35965,37.5117,37.5322,39.653,40.83745,44.09925,43.82785,47.70135,49.85435,49.7887,50.64595,54.5731,53.33095,51.5852,52.11055,53.59625,50.08815,52.8875,56.9559,57.03995,52.44075,54.6182,57.83735,51.53185,52.1724,54.2483,53.8574,58.26775,58.5062,53.99895,55.05945,57.8364,58.74345,62.32925
2020,67.50775,70.21655,66.3114,68.84465,66.9726,64.08785,65.8029,66.1921,69.50645,65.87075,66.8138,66.3015,64.062,68.9813,67.25725,67.90375,71.57095,70.1221,68.19195,69.79255,67.68435,69.0058,71.5383,69.0602,68.872,68.5455,70.4364,68.02955,69.2956,70.16705,69.44075,69.39895,73.9955,71.2048,71.6026,70.52275,71.2093,73.51115,72.6416,72.2056,72.56585,71.63895,72.68725,73.6172,74.53535,73.05795,74.562,73.9517,75.20685,74.89055,76.1962,76.20545,78.35835,78.08315,79.216,79.0883,78.7018,78.6745,79.7856,78.39525,79.4736,80.10395,79.8511,80.1738,79.6155,80.02205,79.11965,80.922,80.839,80.4496,79.4612,80.3419,80.6847,80.1541,80.84425,80.9566,80.23305,81.0564,80.4325,80.52555,79.4784,80.5836,79.4736,79.6191,79.5532,79.76455,79.8038,79.78515,79.4274,79.10395,79.44615,79.236,78.9219,79.0671,78.77335,78.9274,78.48235,78.1321,78.8028,77.6042,78.2423,77.3059,77.37845,77.08665,77.0576,77.11,76.7764,76.3281,76.17995,76.38285,76.19845,75.54,75.37845,75.5303,74.7549,75.05735,74.4607,74.6567,74.12655,74.1489,73.55475,73.26965,73.70925,72.71435,72.255,72.51125,72.35005,71.92145,71.92285,71.7599,71.7701,71.10295,70.7793,70.835,70.38895,69.98395,70.08705,69.53495,69.3027,69.07425,68.9776,68.40345,68.74305,67.9847,67.97855,67.0657,67.2367,67.1339,65.65715,65.8459,65.3693,65.1511,64.9494,64.45215,63.5404,64.3868,63.1941,62.75655,62.4276,62.16445,61.3199,60.76665,60.5478,59.89595,59.79015,59.2044,59.56205,59.1992,58.4292,58.4389,58.07415,58.09095,58.28505,57.6148,57.06265,57.73345,57.48745,57.4656,57.25645,57.10805,56.86135,56.80515,56.68015,56.77195,56.48255,55.91175,56.6286,56.507,55.74605,55.8446,55.3845,55.7199,55.3313,55.35035,54.6281,54.78945,53.86715,54.1727,53.4928,53.787,54.0244,53.16465,52.66245,52.36975,52.0502,51.14225,51.318,50.6928,49.9897,50.0267,49.84425,48.612,48.38725,48.487,47.86845,47.5132,46.34945,46.15715,45.39875,45.7334,44.8395,44.03995,42.9838,43.6239,42.7413,42.13585,42.11165,41.3432,41.02465,39.77465,39.9346,39.62915,39.0314,38.7768,38.27345,37.65555,37.6903,37.0245,37.0497,35.70575,35.15165,35.3485,34.1743,34.05855,33.6221,33.6166,33.3602,32.4817,33.24485,31.49325,31.04435,30.5452,31.2514,30.1577,30.04895,29.1692,28.5203,29.6087,29.0504,28.62855,30.10435,30.09635,31.4926,31.1144,33.45455,34.2671,34.1575,36.11105,37.7333,38.74715,39.9949,40.33255,43.2084,43.56835,47.8217,46.93105,51.9345,48.893,51.3885,52.4013,53.6534,56.56395,52.9992,50.26635,55.50135,57.62155,53.1599,52.66735,55.21145,54.4348,51.3845,51.204,53.94735,56.5645,55.8169,52.87985,56.32965,56.96175,58.2695,57.75865
2020,80.99235,79.352,78.717,78.32685,76.80275,75.92555,76.00705,77.6357,78.1483,78.48485,76.5403,78.66335,79.04745,76.10125,78.01115,77.99025,77.082,78.05405,79.672,75.98755,76.31725,77.5911,77.83395,78.2894,78.5267,77.2332,76.77865,77.583,75.8868,76.69325,76.7346,76.4681,76.95505,76.61045,76.4793,77.09025,76.2463,75.27655,76.04745,76.05085,76.70995,76.0499,76.30775,76.1374,77.0267,77.2811,76.76405,77.6485,77.0766,77.98035,78.13945,78.7042,77.60955,78.02775,78.45475,78.1505,78.0884,78.85105,79.36245,79.84725,79.52515,79.40305,79.3331,80.20605,80.0788,79.7173,80.19375,80.59755,80.7159,81.04505,80.7092,81.0307,80.9915,80.7764,81.26875,81.2942,81.64825,81.7241,81.41245,81.30445,81.16245,81.0005,81.45425,80.9853,81.2792,81.1045,81.32235,80.63565,80.73645,80.86385,81.0296,80.9196,80.9688,80.43005,80.803,80.4889,80.6201,80.386,80.6248,79.9257,80.4164,79.83825,79.97805,79.9324,79.68975,80.04325,79.4413,79.31705,79.0926,79.14965,78.8268,78.9204,78.4722,78.70645,78.6703,78.2336,77.9922,78.0653,77.89005,77.89755,77.5276,77.41965,77.19165,76.9386,77.17075,77.02135,76.669,76.4427,76.2101,76.5141,76.42185,75.79855,75.88075,75.6654,75.44225,75.0779,75.29195,75.20105,74.6208,74.5459,74.23235,74.10175,73.9321,73.36255,73.40575,73.08895,72.7266,72.5795,72.264,71.74815,71.4859,71.2732,70.97435,70.55785,70.38825,69.82415,69.50075,69.0955,68.505,68.00955,68.0757,67.35015,66.91555,66.4826,66.12,65.90175,65.80025,65.5288,65.1819,64.965,64.52025,64.5356,64.4116,64.3195,64.4819,64.222,63.95675,63.99355,64.26855,63.9539,63.79685,63.8727,63.34765,63.8036,63.2477,63.7799,63.54985,63.8572,63.6132,63.4513,63.23255,63.53075,62.7799,63.3114,63.06715,63.0079,62.8424,62.7136,62.73065,62.2321,62.3049,62.0174,62.085,61.7694,60.9599,60.6815,60.4215,60.0089,60.1924,59.8492,59.05045,58.9386,59.0529,58.39575,57.73625,57.61785,57.03565,56.78105,56.27005,56.38105,55.5092,55.1645,54.7909,54.4365,53.7469,53.446,53.1567,52.8932,52.70985,52.12415,51.94715,51.9025,50.90025,50.59905,50.0426,49.5693,49.40045,48.9013,48.8902,47.77775,47.67095,47.1178,47.282,46.3881,46.9106,46.17295,45.6799,45.21745,44.9837,44.89755,44.39075,44.14195,43.9126,43.7332,43.39815,43.3162,42.77235,43.32195,43.84645,42.80815,43.5299,43.9968,45.12435,45.33375,45.8196,45.7904,49.56685,48.8826,51.51935,54.28805,55.6503,58.4296,58.8832,61.5873,64.55265,63.85545,65.19145,67.1975,66.36635,66.6347,69.20165,68.0284,68.8892,71.1686,70.54525,67.64575,69.6795,66.21555,70.077,70.45425,71.1291,70.3246,71.6487,69.5593,72.3499,70.8298,70.8888,72.7567,75.4077,75.82
2020,71.28299391695319,63.70827823327162,58.40571277439831,67.23538746363396,60.78259719650886,58.806400423168476,59.09838667019307,60.23089129859825,59.62152869611214,60.761438772811424,57.073790002644806,62.98730494578154,62.25575244644274,56.49219783126157,57.51996826236445,54.82517852419995,54.01904258132769,55.942872256016926,58.09124570219519,58.55514414176144,56.44141761438773,52.845014546416294,59.32213700079344,50.58450145464163,51.981486379264744,51.30944194657498,52.48505686326369,48.75033060037027,51.5443004496165,52.05580534250198,50.85136207352552,52.03041523406506,50.501983602221635,50.30441682094684,56.151547209732875,50.451996826236446,48.84131182226924,48.48796614652208,44.92911928061359,47.493255752446444,44.99867759851891,53.11901613329807,47.150224808251785,42.18566516794499,44.26606717799524,43.701137265273736,46.543242528431634,44.05342501983602,45.77968791325046,46.008463369478974,43.997619677334036,49.29225072732081,45.97963501719122,46.22745305474742,45.53425019836022,45.690293573128805,47.264215815921716,48.966411002380326,48.708013752975404,47.43401216609362,46.65220841047342,48.497222956889715,50.48320550119016,48.4070351758794,49.26580269769902,49.009785770960065,51.63739751388522,49.95265802697699,52.224543771489024,50.921449352023274,51.366305210261835,51.236709865115046,51.19307061623909,52.68421052631579,53.431102882835226,55.261571012959536,54.08516265538218,51.73287490081989,54.06691351494314,55.098122189896856,54.966411002380326,55.49880983866702,56.08780745834435,55.83126157101296,57.036233800581854,57.85612271885744,58.266331658291456,55.307590584501455,57.01216609362603,56.56995503834964,55.94869082253372,57.94366569690558,56.90002644802962,57.15075376884422,57.869346733668344,58.386670193070614,57.019307061623905,57.59904787093362,59.136736313144674,58.563343030944196,58.83258397249405,60.23432954244909,58.85162655382174,58.55223485850304,60.11372652737371,59.72229568897117,60.393282200476065,58.87304945781539,59.192806135942874,59.84131182226924,61.003173763554614,60.30573922242793,60.16900290928326,61.42316847394869,60.196244379793704,59.21634488230627,60.984131182226925,61.01005025125628,59.7315524993388,59.397249404919336,61.23485850304152,61.327162126421584,60.655382174028034,61.04972229568897,59.62787622322137,60.315524993387996,60.069293837609095,60.0796085691616,60.327955567310234,60.528960592435865,61.12774398307326,60.40518381380587,60.60698227982015,60.313673631314465,60.76170325310764,60.18698756942608,60.04654853213436,60.804549061094946,61.07987304945782,61.608040201005025,60.83522877545623,61.27056334303094,60.871991536630524,59.81459931235123,61.689764612536365,59.772811425548795,61.16001057921185,60.60089923300714,60.888918275588466,60.554615181169005,60.05210261835493,60.8878603544036,60.023274266067176,60.04072996561756,60.60089923300714,60.30044961650357,60.17535043639249,59.19333509653531,58.3657762496694,58.563343030944196,58.94789738164507,59.62443797937053,58.764083575773604,57.78312615710129,57.88362866966411,57.49880983866702,56.97381645067443,57.77783655117694,56.81830203649828,56.13911663581063,57.17032531076435,57.63528167151547,57.45384818830997,55.93097064268712,56.57550912457022,56.72890769637662,55.99100766992859,57.09918011108172,55.692409415498545,55.39645596403068,57.28828352287755,57.5191748214758,56.94948426342238,56.49880983866702,57.768844221105525,58.26448029621793,56.95265802697699,57.82914572864322,57.79211848717271,56.68685532927797,58.75165300185136,57.96138587675218,57.33615445649299,58.10552763819096,58.356254959005554,57.79555673102354,57.32663316582914,58.51335625495901,57.672837873578416,58.39619148373446,56.69161597460989,58.147580005289605,58.02777043110288,58.03914308384025,57.83787357841841,59.43824385083311,56.36260248611478,57.14705104469717,56.26818302036498,58.28008463369479,58.697170060830466,57.818037556202064,56.43083840253901,57.62470245966676,57.80402010050251,58.46945252578683,56.92197831261571,57.98254430044962,56.43427664638985,57.07008727849775,55.56731023538747,55.33298069293838,57.98042845807987,54.87119809574187,55.02671250991801,56.1769373181698,54.40835757736048,56.42343295424491,55.8981750859561,55.08516265538218,53.275323988362864,53.2065591113462,55.36260248611478,55.426342237503306,54.79158952658027,50.90478709336154,53.50912457021952,53.65855593758265,52.16053953980428,50.86220576567046,53.29251520761703,52.18778101031473,50.55514414176144,51.56254959005554,51.966411002380326,51.44088865379529,50.68130124305739,48.361544564929915,49.73790002644803,50.51864586088337,49.146786564400955,48.61042052367099,49.61306532663317,49.29489553028299,51.90743189632372,47.69267389579476,46.8981750859561,48.9055805342502,46.349378471303886,49.663316582914575,48.80137529754033,48.30521026183549,47.48664374504099,51.64348056069823,53.8952658026977,51.902406770695585,50.9055805342502,53.11954509389051,54.05527638190955,54.1695318698757,55.17561491668871,55.333245173234594,53.521026183549324,62.86643745040995,54.32372388257075,60.91615974609891,68.90505157365776,66.72097328749008,61.0103147315525,60.941549854535836,61.4395662523142,56.13726527373711,56.35863528167152,59.766728378735785,67.66807722824649,58.996297275852946,67.74107379000264,55.33827029886273,59.289341444062416,78.1356783919598,58.82174028034911,65.26791854006876,81.02168738428988,52.72811425548797,57.01560433747686,62.56360751124041,68.39724940491934,61.63951335625496,72.85294895530284,69.09547738693468
2020,78.7207,79.70895,75.20715,78.3357,78.7289,79.1509,75.8447,70.74335,78.12495,73.77045,75.9172,76.40645,75.1947,75.44565,75.5183,77.1215,73.4478,73.77525,75.0469,75.4554,75.3475,76.3805,76.4921,75.13455,74.38065,79.01015,77.1087,74.41235,75.61705,76.1205,75.41025,77.08535,77.8554,75.9653,74.78535,75.7177,77.2158,75.54125,74.1799,77.766,77.07085,76.53685,78.3177,76.63965,75.4354,78.28015,76.58745,76.8165,77.64505,79.3582,78.18895,78.81305,79.05665,79.5222,80.4827,80.40535,80.19345,80.22845,80.4086,80.87325,80.2223,80.2521,80.50815,80.58205,80.2226,80.79515,80.1686,80.91925,80.18515,79.85895,79.9376,80.4349,80.05605,79.7819,80.26455,79.83625,80.6801,79.9718,80.2847,79.6281,79.7165,79.75335,79.8664,79.94215,79.18105,79.3753,79.3818,79.35325,79.4681,79.01015,78.81945,78.6844,78.79135,78.1518,78.72725,77.98105,78.3164,78.0558,77.89795,77.55375,77.70055,77.32495,77.1759,76.83385,76.82765,76.5576,76.73585,76.4061,76.39875,76.2239,76.24375,75.7862,75.926,75.60065,75.25045,75.3315,74.9782,75.0063,74.96445,75.1634,74.6482,74.36785,74.09885,74.0011,74.1338,73.8732,73.5967,73.4838,72.94345,72.99095,73.28705,73.04905,72.61845,72.71485,72.53255,72.3227,72.2403,72.0207,71.62795,71.39865,71.1872,70.9737,70.95735,70.58505,70.26975,70.2066,69.94255,69.53815,69.6403,69.54315,68.74635,68.9572,68.40505,68.19875,68.166,67.7065,67.42255,66.94755,67.04965,66.63495,66.38395,65.72725,65.8351,65.34625,65.2427,65.1612,64.64725,64.5672,64.41115,64.23595,64.17565,64.1952,64.26735,63.9216,64.06665,63.7683,64.02235,63.6909,63.87035,63.5688,63.699,63.34975,63.5675,63.71,63.52145,63.28825,63.5212,63.1596,63.29135,63.37485,63.0853,63.0893,63.02485,63.18855,63.0512,62.74985,62.98595,62.7239,62.26795,62.36995,62.08505,62.34225,61.98145,61.88715,61.68125,61.4464,61.14225,60.61785,60.5091,60.67835,59.9377,59.66795,59.66855,59.311,59.06715,58.55925,58.463,57.88015,57.59045,57.19705,57.2388,57.3923,56.28755,56.4619,56.41245,55.61475,55.54055,55.03385,54.4393,54.24855,54.31625,54.03115,53.50065,53.06335,53.53935,52.7315,52.30355,52.44695,52.2917,52.10075,51.6937,51.24685,50.7255,50.2805,51.3843,50.5414,49.78685,50.0848,49.4162,49.55415,48.83405,49.1034,48.3234,48.86855,48.11235,48.0878,48.95985,48.2653,48.13665,46.60825,48.4631,48.5423,47.9799,49.1537,50.5892,49.943,50.55815,51.4886,52.4285,56.24785,54.7931,56.80085,58.61035,58.74615,60.1882,60.86245,64.00875,62.9877,66.7167,66.97035,64.3149,69.11225,63.809,63.6887,65.4742,63.5657,68.2797,66.4854,65.8916,62.58545,67.5743,63.57135,67.99795,66.30965,69.3026,70.3113,65.8066,68.65875,70.2212,69.7499
2020,68.78145,69.9516,71.4994,68.42545,65.07595,65.76615,65.4302,65.48865,65.2008,64.0236,65.481,67.3345,67.7003,66.29655,66.18345,65.37525,67.6925,68.3648,66.34745,71.455,68.08895,65.22545,69.31735,65.77955,68.6833,67.70845,69.3967,66.60035,69.0785,68.6649,68.07105,70.4002,69.38635,69.01535,70.97325,69.93835,69.4147,70.49425,69.97,69.37385,69.25915,70.82785,69.78615,70.23465,71.5684,71.6827,72.48735,72.7946,73.10295,73.7994,73.6142,73.8048,74.3431,74.7476,74.9398,75.8758,75.874,76.41365,76.83545,76.5439,76.93685,76.65475,77.78565,77.1412,77.0295,77.63315,77.3041,77.28895,77.44915,77.95795,77.8968,77.8501,78.14815,77.77285,77.9877,77.8747,78.0511,77.8965,78.0758,77.8013,78.09585,77.61605,77.6996,77.7685,77.4316,77.37415,77.10765,77.46945,77.76995,77.153,77.1786,77.28455,76.82715,76.99905,76.8266,76.4636,76.62805,76.59505,76.27335,75.91745,75.47575,75.1597,75.34975,75.241,74.83405,74.9692,74.4209,74.3802,74.45115,73.92925,73.8769,73.40145,73.41375,73.052,72.8199,72.70915,72.4125,72.6016,72.299,72.41245,71.7289,71.5353,71.4453,71.0619,70.92235,70.9341,70.5402,70.3245,70.07635,70.2666,70.0307,69.73085,69.5781,69.534,69.1956,69.05005,68.7146,68.52515,68.18205,67.9129,67.58595,67.29595,67.49455,66.77375,66.84485,66.46145,65.6903,65.3269,65.0257,64.71165,64.41755,64.1967,63.4878,63.358,62.76295,62.3688,62.1539,61.84575,61.06175,60.2324,60.33205,59.788,59.4711,58.69225,58.50975,58.21155,57.84025,57.59075,57.27515,57.21925,56.8107,56.931,56.56155,56.261,56.3617,56.53795,56.0755,55.8597,55.40865,55.75255,55.55105,55.7993,55.19295,55.76355,54.9927,55.16035,55.09565,54.76405,54.8288,54.9937,54.5779,54.6748,54.54565,54.4001,53.9546,53.4834,53.3762,53.4414,52.7511,52.45255,52.5505,52.42555,52.16535,51.62105,51.35895,50.8244,50.2858,49.4781,49.1634,48.8534,48.81935,48.5887,47.46335,47.0795,46.9146,46.1345,45.4521,44.92105,45.00035,44.6524,43.81475,43.66715,42.5953,42.754,41.88755,41.3042,40.63815,40.52765,39.74085,39.72045,39.2278,38.5147,38.30935,37.5264,37.4852,36.6125,36.14985,35.7491,35.62085,34.65535,34.36175,33.82085,33.72215,33.2116,33.2514,32.5352,32.6799,31.66675,31.55275,31.26965,30.79235,30.3321,30.68605,30.08815,29.7126,29.00615,29.9951,28.40405,28.92645,29.5693,28.5751,29.18085,30.77765,30.18405,30.6944,32.03765,31.99425,33.14485,34.6883,36.9854,37.7547,37.6764,40.80175,42.0147,45.0901,47.08535,46.52205,46.94005,50.01315,49.0515,47.5948,49.0844,51.0333,50.58505,49.84,48.22205,49.1637,49.5132,46.9389,51.01695,49.2816,51.0995,49.47595,49.4151,50.6365,49.18145,52.34845,51.5338,54.21895,51.52445
2020,67.61245,71.16195,65.5924,63.05295,62.29095,60.1617,62.083,60.9176,62.2841,59.40085,62.0434,64.5495,61.3231,59.3401,60.11825,62.8432,61.82525,64.08645,60.7922,62.36465,59.60885,65.9868,63.5596,62.3737,65.3404,62.9169,64.21155,62.8714,63.5975,64.23915,65.22715,61.50655,65.07655,64.4517,64.498,64.489,66.39385,66.6304,69.54535,65.87425,66.53395,68.73685,68.2142,69.3961,68.71645,67.9003,70.8193,69.1905,70.8613,70.75385,73.0097,72.18785,71.999,72.92595,73.95165,73.8152,73.2122,74.95585,74.2306,75.0643,76.29015,74.74145,74.7813,75.69675,75.5022,75.09055,75.80395,75.8863,75.7158,75.6166,75.737,75.88015,76.45055,75.6752,76.88875,76.1264,75.8976,76.5039,75.5226,75.9597,76.19015,75.29595,76.12755,75.9342,75.4506,74.34005,75.03095,74.7505,75.2017,74.60665,74.3268,74.36305,73.8326,74.3141,74.09965,73.73465,73.72495,73.74225,73.78385,72.7537,73.0819,72.70385,73.1333,72.02165,72.2985,72.17485,71.44975,71.778,71.75275,71.62915,71.1754,70.91205,71.20565,70.8217,70.712,70.7515,69.5316,70.1964,69.26025,69.4505,69.0043,69.15195,68.1498,68.43075,67.58215,67.90505,68.30045,67.58285,67.3332,67.38775,67.0407,66.8365,66.34735,66.1868,66.01205,66.1163,65.63065,65.1823,65.01075,64.72745,64.36455,64.07995,63.4672,63.5557,63.00385,62.8936,62.91505,61.981,61.728,61.55115,61.12725,60.62205,60.1375,59.7995,59.4286,59.16905,58.70285,57.65895,57.4939,56.7508,57.4634,56.1225,55.99045,55.4122,54.93675,54.47505,54.5532,55.11045,54.4471,54.47675,54.60805,54.1207,54.6336,54.27805,53.814,53.59635,54.2736,53.88085,53.69155,53.40065,53.3213,53.77135,54.4163,53.5137,53.08625,53.56585,53.0096,53.02505,53.03045,52.6188,53.1926,52.1871,52.43275,52.1598,52.1472,52.2384,52.22005,51.79055,51.4149,50.7541,51.2174,51.24045,51.03075,50.3686,50.5674,50.5359,49.1954,48.173,48.33975,48.7294,47.4901,47.1332,46.97685,47.27455,46.2272,46.0742,46.39595,44.63765,44.7032,43.65695,43.41265,43.4161,42.29645,42.0095,41.8581,41.3936,40.37095,40.4124,39.83755,39.86945,39.18055,39.79125,38.7724,38.9763,37.40205,37.14185,36.36365,37.10095,36.81905,36.5046,34.5875,33.79875,34.3588,33.54965,33.2402,33.2348,33.662,32.43555,31.9202,31.5345,31.24885,30.6662,30.6243,30.4769,29.1687,29.71485,29.1643,29.09,29.3596,29.11275,27.77355,28.1821,29.98785,29.84505,29.36675,31.81995,31.1026,32.53575,33.6,36.01895,37.41225,41.7452,37.8971,40.2566,44.93095,42.4989,45.30875,46.8397,48.91655,46.372,45.8568,48.85375,47.79795,45.31155,48.4188,47.79355,49.77125,44.95155,47.0834,50.02345,46.09285,47.5577,50.56465,50.88265,51.0568,49.7199,49.55335,54.6033,50.17975,53.0924
2020,65.29125,65.9295,60.7633,58.32315,60.8821,56.568,57.94255,58.43025,58.4105,57.31965,57.8734,58.2361,58.0213,59.4566,60.67525,58.81635,56.65825,59.5538,59.3839,58.8902,59.124,60.8704,60.2028,61.4668,59.3214,60.14345,62.26675,59.28385,60.27125,61.2919,61.28335,60.0321,63.4169,60.84255,60.7363,61.8188,61.7265,61.7826,63.0646,61.54045,65.55865,65.1165,64.3979,65.16995,65.2641,64.5016,65.474,65.43775,66.802,67.83775,67.49855,67.89675,67.75835,68.83815,69.90045,70.26365,69.8879,71.4461,71.25285,71.2892,71.6649,71.91605,71.6181,72.1825,71.1797,71.8678,72.95745,72.2831,71.58285,72.1164,72.6753,72.7653,72.55555,72.93385,73.3627,73.28235,73.18705,72.4203,73.2525,73.13345,71.87245,72.7082,72.1145,72.2021,72.4847,71.5535,72.23235,71.752,72.0325,71.66525,71.9664,71.5712,71.43745,71.71815,71.7097,70.7529,71.0709,70.56115,70.33825,70.28615,70.39085,70.1668,69.594,69.20605,69.44315,69.10335,68.903,68.76135,68.3947,68.06505,68.1465,68.08605,67.76725,67.9889,67.81315,67.2569,67.2217,66.6127,66.41555,66.18635,66.32325,65.8427,66.05815,65.16025,65.0616,64.9556,65.0704,64.42525,64.9813,64.6064,64.45745,64.15925,63.45705,63.41305,62.8008,62.6279,62.995,62.485,62.14955,61.91135,61.5216,60.81195,61.1062,60.6736,60.3932,59.7967,59.3588,59.7095,59.0571,58.60675,58.50595,57.87975,57.6896,57.5668,56.8304,56.17545,56.4079,55.7456,55.1092,55.26895,55.1994,53.8846,53.6517,53.45155,52.78455,52.29685,52.47605,51.9642,52.1092,51.8677,51.8392,51.5439,51.32415,51.1851,51.4187,51.5198,51.31245,50.8119,50.38675,50.6307,50.81675,50.6319,50.7106,50.58825,50.6601,50.6772,50.3296,49.79855,49.9448,50.1157,49.91515,49.73195,49.37255,49.0031,49.3924,48.99405,49.0208,48.7899,48.4716,48.1836,48.5342,48.24795,47.06105,47.56855,46.4336,46.5691,45.964,45.8903,45.6462,45.06935,44.22025,44.7149,43.7838,43.60955,43.05905,42.91395,41.9238,41.5507,41.76635,41.345,40.6561,39.4946,39.37095,39.11535,38.85315,38.8927,37.58815,38.0374,37.31595,36.10535,36.9207,36.02205,35.5552,34.7155,34.3683,34.30535,33.258,33.77185,33.24245,32.90895,32.8018,31.70045,31.06935,30.73345,29.63255,30.08205,29.61895,29.249,28.30945,27.8881,27.52285,27.1988,26.8339,26.9287,26.5543,26.19835,26.64535,26.8948,25.27265,24.9978,25.683,28.1007,27.32975,27.2759,26.78065,28.37075,28.6191,30.8518,32.61505,34.93575,36.2811,35.96555,37.66075,42.6556,43.7523,42.58445,43.7242,41.55195,45.06875,46.62315,42.6237,42.79075,45.2723,49.2954,48.75705,49.2641,46.91725,44.8334,47.71595,46.4312,45.55705,44.7763,45.61715,48.40005,50.94775,47.40905,45.56415,48.31145,50.84375,47.6154
2020,72.2282,66.36815,65.46825,64.51515,61.6297,61.53175,63.56595,62.7286,63.5175,62.0462,62.75885,63.0075,63.14625,63.706,62.87645,64.0198,67.2382,65.85085,67.03995,63.87745,61.4827,65.03265,65.35645,66.3333,64.50905,65.7959,64.0607,65.4017,64.91755,66.08805,67.68045,67.5204,65.3411,66.33465,67.02715,64.91785,66.0141,68.2163,67.69655,66.8481,68.8617,67.9227,66.7456,69.72555,69.8623,69.23085,71.65015,69.92755,70.5228,71.81755,71.59335,72.0857,72.95855,74.26615,74.4254,73.52435,73.30545,75.3422,74.6194,75.0705,76.0878,75.9912,75.8389,76.65465,76.8723,76.11195,75.9356,76.4421,76.54175,76.63835,76.7394,77.09555,77.2889,77.0989,77.28165,77.8242,76.73355,77.5414,77.09705,77.06905,77.0514,77.0002,76.5764,76.56325,76.92985,76.7762,76.37645,76.4629,76.1063,76.72105,76.31745,76.59245,76.25575,75.8436,76.1549,75.63825,75.60725,75.74565,74.7759,74.92795,74.94615,74.9084,74.77785,74.32465,74.20275,74.1748,74.1088,73.98165,73.4083,73.65245,72.90895,72.9243,72.5144,73.01415,72.1056,71.70965,72.16805,72.07615,71.63035,71.0908,70.94405,70.63165,70.87375,70.17005,69.9877,70.22465,69.76855,69.6607,69.29965,69.2137,69.02475,68.9664,68.3857,68.8751,68.5222,67.91975,67.62325,67.3425,67.2495,66.46985,66.27015,66.37035,66.08535,65.31045,65.3367,64.40845,64.6727,64.3356,63.4816,63.2415,63.08625,62.6186,62.06355,61.9659,61.16025,61.16335,60.73355,59.8017,59.0748,58.75265,58.32515,58.13775,57.5781,56.59405,56.62435,56.57235,56.2545,56.37475,55.0531,55.5231,54.96205,55.49735,55.1796,55.18925,54.2285,53.96695,54.10915,54.336,54.66715,53.91915,53.8134,53.81365,54.07765,53.69395,53.66065,53.4222,53.90225,53.08605,52.79855,52.6199,53.00875,52.8336,52.65345,52.2844,52.8018,52.50375,51.86785,51.7991,50.87925,50.56635,51.5068,50.68815,50.13,49.7341,49.52405,48.4693,48.2608,48.51125,47.49035,47.0854,46.97115,46.51875,46.1964,45.976,45.36665,45.23335,44.6578,43.9198,43.04035,42.9657,42.608,42.0045,41.5678,40.3243,40.04335,40.26895,40.15875,38.66605,38.408,38.03805,38.07035,37.75835,37.1419,36.30775,36.0715,35.8086,34.95585,34.24585,34.63735,33.50995,32.60345,32.7435,32.41725,31.98605,31.20975,31.58055,31.597,31.00345,30.3811,28.85165,29.54535,28.2746,28.2932,27.9336,27.52305,26.53955,27.23015,27.96315,26.77155,27.25,26.36405,28.818,29.0072,28.61455,29.9897,30.264,33.86675,32.8187,33.2804,34.8193,35.70525,38.97065,43.1432,41.0866,44.89065,44.40435,46.17745,47.405,49.17145,50.42475,51.12705,51.7651,49.9398,51.6029,49.723,51.2132,49.52555,50.45595,51.75365,51.6033,49.24355,49.67415,51.31245,49.83695,50.47875,49.2167,48.9504,53.96225,53.5346,53.8532
2020,72.48515,70.20305,69.7471,69.14865,65.1734,66.37145,67.72345,67.17235,66.9317,68.69665,67.45355,71.30395,67.26325,69.691,70.20345,67.11945,67.70725,68.63555,69.17325,67.8075,69.7595,68.8003,69.28,67.4683,69.44745,68.6066,68.8673,69.84145,68.6291,70.24265,71.0789,70.187,69.0367,68.46295,69.165,69.68475,68.34875,70.1396,68.7356,70.08665,70.55355,69.74045,71.4365,70.5925,71.4923,71.9358,71.64715,73.3436,73.0931,73.8918,72.68625,74.7681,74.06325,74.8409,75.0416,74.7946,75.77485,75.8403,76.6533,76.9696,76.39485,76.9313,76.2657,76.71875,76.40765,77.3243,77.67185,76.9223,76.9518,77.4832,77.95705,77.18525,77.7931,77.4261,77.51755,77.7697,77.685,77.64525,77.581,77.82205,77.3562,77.38085,77.47575,77.15275,77.4496,77.1553,76.98535,76.6776,76.8729,77.18785,77.14345,76.81655,76.3929,76.5749,76.7367,76.42845,76.1572,76.3462,75.9172,75.5309,75.64875,75.25805,75.18,74.9182,74.7755,74.71785,74.2842,74.49,74.17415,73.9325,73.8707,73.56945,73.24085,73.1462,72.94935,72.85145,72.33685,72.5012,72.3852,72.0193,71.8853,71.7483,71.63675,71.0751,71.2301,71.0195,70.7209,70.60035,70.5706,70.57535,70.2379,69.7044,69.56745,69.29135,69.3232,69.01055,68.72145,68.6476,68.45995,68.2116,67.5718,67.35095,67.08855,67.21645,66.448,66.1228,65.99975,65.52935,65.5833,64.67905,64.79525,64.3788,63.7491,63.23485,62.8474,62.23925,62.30155,61.9618,61.504,60.7483,60.4992,59.7678,59.31345,59.32125,59.0585,58.18905,57.9971,57.63415,57.7099,57.5442,57.04535,57.14205,56.7805,56.7266,56.5683,56.43505,56.5646,56.26135,56.1729,56.07915,55.56855,56.03325,55.67935,55.5178,55.62535,55.5213,55.4029,55.52095,55.66235,55.1504,55.09065,54.9143,54.47535,54.5831,54.59675,54.2824,54.24365,53.56035,53.7539,53.5394,53.6226,53.38325,53.02945,52.4515,51.68145,52.04095,51.6311,50.9179,50.5585,50.4747,49.79135,49.2126,48.7609,48.41515,47.5999,47.4291,47.04425,47.0169,46.56265,45.48055,45.38995,44.5877,44.574,44.06155,43.82455,42.8496,42.8945,42.44335,42.00095,41.0326,40.7192,40.9116,39.9321,39.36135,38.8076,38.7732,38.0184,37.6843,37.0797,36.46325,36.4488,35.78355,35.8959,35.1985,34.9379,34.0517,34.05525,33.19055,33.1644,33.182,32.7703,32.57245,31.8065,31.7278,31.29245,31.2614,31.1954,31.20645,31.3604,31.02435,31.49625,31.33115,31.72975,32.79875,34.601,33.8358,35.1715,37.23215,38.71145,39.734,41.91405,45.503,46.3778,45.7027,51.8938,52.5629,52.90095,54.44905,53.0411,54.34495,54.26215,57.38415,56.9901,57.63155,56.36035,57.0564,54.9124,57.52605,57.3309,56.92845,57.4059,58.87955,56.2419,60.7923,61.2531,59.14985,59.91855,60.6779,60.5792,62.09405
2020,88.61185057964792,91.60626878488621,88.3662516101331,88.65135251180764,88.55732073851438,88.26620867325032,93.02189781021897,89.58136539287247,92.39673679690854,91.66981537140404,88.7174753112924,90.51738943752683,93.46715328467154,88.63804207814513,87.74409617861743,91.41519965650494,92.35938170888794,90.9106912838128,89.16187204808931,87.2825246887076,89.83340489480463,90.08458565908116,91.8364104765994,88.41477028767711,85.82138256762559,86.27393731215113,86.02662086732504,89.09746672391584,89.0167453842851,86.13353370545299,84.35165306998712,88.10905968226707,84.40790038643195,85.43366251610134,83.2786603692572,86.98969514813224,83.75783598110777,85.97810218978103,86.11635895234006,83.81451266638042,83.75225418634606,85.91326749677974,81.13782739373121,82.2919708029197,81.18978102189782,83.11421210820095,81.98239587805925,82.59209961356805,81.19793902962645,81.21597252039501,81.68827823100042,81.49205667668527,81.11034778875053,81.83340489480463,81.74109059682267,82.61270931730357,82.49935594675827,83.28338342636324,82.30828681837698,82.42593387720052,82.94074710176041,82.67367969085444,82.52554744525547,82.94890510948905,82.15113782739373,83.30055817947617,82.83683984542722,83.48776298840704,83.72091026191498,83.63632460283384,83.36882782310005,83.62000858737656,83.79046801202233,84.31987977672821,84.42593387720052,84.67754401030486,84.98239587805925,85.2657793044225,84.44267926148562,84.81623014169172,84.88535852297123,84.69085444396737,84.77157578359811,85.16187204808931,84.95234006011164,84.96994418205239,84.98067840274796,84.99742378703306,84.80034349506226,84.8012022327179,84.73722627737226,84.68140832975526,85.12924001717475,84.64018892228424,84.89952769428939,84.61571489909832,84.50064405324173,84.28595963933019,84.45985401459853,84.49248604551309,84.26148561614427,84.15113782739373,84.19407471017604,83.99570631172178,83.87247745813654,83.9626449119794,83.66294547015886,83.8514383855732,83.39974237870331,83.41906397595534,83.18634607127522,83.45341348218119,83.04422498926579,82.96006869901245,82.84800343495063,82.63632460283384,82.64104765993989,82.4516960068699,82.5410047230571,82.37827393731214,82.06483469300129,81.82181193645341,81.7750107342207,81.8716187204809,81.75354229282954,81.31300987548303,81.59167024474023,81.42636324602834,81.13396307428081,80.90081580077286,80.91412623443539,80.81322455989695,80.63288965221125,80.41992271361099,80.24559896951482,80.0893087161872,79.92228424216403,79.52211249463289,79.57921854873337,79.34435379991413,79.02790897380851,78.7398024903392,78.60626878488621,78.29111206526406,78.05839416058394,77.48948046371834,77.45770717045943,76.78917990553886,76.58308286818377,76.29325890940318,75.78531558608844,75.47230571060541,75.30914555603263,74.90768570201803,74.54529841133534,73.92700729927007,73.56805495920996,73.05495920996135,72.9665092314298,72.49935594675827,71.87762988407042,71.44310863031343,71.23142979819666,70.96865607556892,70.4813224559897,69.89866895663374,69.96779733791327,69.61099184199227,69.48089308716187,69.47874624302275,69.57964791756119,69.8643194504079,69.6470588235294,69.51180764276513,69.41992271361099,69.6303134392443,69.32546157148991,69.69815371404036,69.88621726062688,69.3920137398025,69.71704594246458,69.643194504079,69.74710176041219,69.73894375268355,69.75139544869043,69.94504079003865,70.08029197080292,69.89609274366681,70.17518248175182,70.0017174753113,70.17475311292401,70.4478316874195,70.25547445255475,70.22413052812365,70.21167883211679,70.15371404036067,69.97123228853586,70.19321597252039,70.17475311292401,70.05238299699442,69.83726921425504,70.02919708029196,69.70115929583513,70.01416917131816,70.05667668527265,69.699012451696,69.32417346500644,69.28767711464148,68.86002576212967,68.6337483898669,68.64061829111206,68.40747101760412,68.08501502790898,67.99270072992701,68.23915843709747,67.80463718334049,67.6298840704165,67.15757835981108,67.14255045083726,66.92357234864748,66.97981966509231,66.67067410905969,66.58952340060111,66.04723057106054,66.405324173465,65.6711034778875,65.46371833404895,65.3383426363246,65.16702447402318,64.56462000858738,64.76170030055818,64.59209961356805,64.09918419922714,64.0111635895234,63.58437097466724,63.305281236582225,63.33877200515243,63.03220266208673,62.8419922713611,62.66294547015887,62.64662945470159,62.29626449119794,61.677114641477026,61.4182052382997,61.61786174323744,61.377415199656504,61.200085873765566,61.50493774151997,61.10519536281666,60.974667239158435,60.56547874624302,60.310433662516104,59.531558608844996,59.73164448261056,60.827823100042934,60.453842851009014,62.14813224559897,61.77415199656505,60.70158866466294,60.18548733361958,61.39458995276943,63.338342636324604,62.84800343495062,65.29669386002577,63.42550450837269,65.33490768570202,67.16401889222843,68.17303563761271,66.18505796479175,72.44525547445255,76.14083297552598,73.85444396736797,75.73293258909403,84.5890940317733,82.01331043366251,79.54229282954057,81.57750107342207,87.60111635895234,83.75740661227995,85.15714899098326,88.32202662086732,88.09016745384285,86.3383426363246,90.69343065693431,88.65092314297982,89.38085015027909,85.5779304422499,90.53198797767283,90.66938600257622,91.70974667239159,91.76985830828681,91.84542722198368,97.64362387290683,98.99184199227136,84.73937312151138,95.38772005152425,98.07084585659081,93.55903821382567,92.71575783598111,90.66294547015886
2020,79.35785,75.99045,78.21625,75.7749,73.9744,75.23625,73.2703,72.54545,76.1963,75.8142,73.16575,75.57885,73.43465,74.82525,74.05385,76.15475,74.3858,73.7051,76.911,74.5516,74.6176,74.1443,75.03425,73.64225,72.3487,72.0537,74.729,74.32985,73.36135,76.88365,74.7885,75.4521,75.0474,74.71285,74.75205,74.87105,74.23825,76.00855,73.15255,73.83495,75.46345,75.1955,75.76575,75.76415,75.38415,75.63815,74.80975,74.915,76.17415,76.8217,76.66265,76.20025,77.6618,76.81085,77.89995,78.127,78.17175,77.33165,79.2046,79.41675,79.0028,79.2208,78.56255,78.2882,79.0837,79.56085,79.4259,78.7806,79.363,78.36815,79.25765,78.39285,78.024,79.3234,79.09095,79.2859,78.59735,79.51215,79.2761,78.67225,78.8543,78.49125,78.1188,78.83815,78.2508,77.84195,77.71085,77.77405,77.34615,77.4627,77.3637,77.4912,77.02945,77.17905,76.99175,76.68655,76.6128,76.731,76.5287,76.4812,76.1051,76.02345,75.5106,75.72895,75.4421,75.2564,74.8283,74.851,74.922,74.79505,74.4392,74.25035,73.86145,73.9491,73.4509,73.33825,73.64295,73.1622,73.4942,72.62215,72.3723,72.5714,72.2739,72.11455,72.06235,71.60595,71.2658,71.31125,71.40685,71.0025,70.73765,70.4678,70.7083,70.2813,70.3184,69.8442,69.89885,69.8147,69.8209,69.13975,69.12835,68.73055,68.6089,68.67015,68.2313,67.95515,67.39185,67.3889,67.0773,66.9839,66.42445,66.183,66.21205,65.5094,65.391,65.14805,64.76795,64.31795,63.80555,63.77145,63.2235,63.1342,62.4588,62.3934,61.64985,61.41425,61.41985,61.1675,60.8392,60.94765,60.7836,60.4996,60.08835,60.05025,60.0569,60.10525,59.9357,59.4688,59.5957,59.55055,59.32675,59.0481,59.42155,59.2874,58.9721,59.1658,59.0109,58.8804,58.9103,58.8314,58.77605,58.74205,58.4711,58.3011,58.034,57.80425,57.85675,57.67945,57.2937,56.8018,57.2024,56.6801,56.30275,56.10735,55.82755,55.4939,54.9418,55.02175,54.47555,54.2244,53.68445,53.37615,52.48985,52.7178,52.4902,52.158,51.6761,51.29985,50.86535,50.661,50.1048,49.9607,49.42445,48.89465,48.37005,48.47825,47.82015,47.23025,47.27285,46.60595,46.6204,46.10555,45.2077,45.12725,44.70555,44.23735,44.47065,43.594,43.37935,43.2631,43.1102,42.82865,42.0168,41.8288,41.5785,41.2747,41.56385,40.6377,41.18105,40.4721,39.74845,39.47765,39.0807,39.69225,39.2907,38.8092,39.56485,39.35515,40.225,39.5982,39.11105,41.2601,42.1679,41.04295,42.91645,44.6043,46.51475,46.0322,48.6709,50.63255,52.98855,51.5445,54.3749,55.47775,57.51315,61.0287,60.899,62.70815,62.92875,62.0829,63.7502,64.9385,63.9032,63.0058,63.9689,65.30425,62.1999,64.6931,62.06765,64.0322,65.8621,64.32805,65.62785,65.94845,65.7484,67.14185,68.311,68.12315,65.32375,67.8227
2020,69.8805,68.08585,70.68515,67.96045,62.85935,60.81255,65.5245,61.7042,64.5074,64.2318,63.7034,67.76935,67.2906,63.0735,67.28135,66.2878,66.2022,65.1546,66.1613,69.71885,68.40425,63.9729,68.1549,68.1917,67.14225,66.17585,66.92645,65.3015,64.5392,68.0781,70.40335,68.8144,68.06885,68.92275,66.3522,68.11255,65.70415,69.11295,68.2029,67.6217,68.5376,68.1912,68.48565,69.46795,69.08765,70.1348,69.6403,69.65255,69.24155,71.0331,69.79275,71.34385,72.86165,71.493,71.34685,72.96915,72.73565,74.15075,75.9236,74.93945,74.4851,74.0705,74.0613,74.04935,75.22435,74.9173,73.951,74.8925,75.78105,74.49755,74.87955,75.1641,75.99235,74.64245,76.103,76.167,76.285,75.17765,75.58435,75.80045,75.83965,75.7434,75.0702,75.81795,75.0009,75.1805,74.76835,74.64265,74.5993,74.6712,75.1746,74.529,75.285,74.7164,74.80895,74.4588,74.0298,74.711,74.6504,73.9677,74.3725,73.8136,73.67145,74.05935,73.05015,72.76375,73.09295,73.1109,72.6889,72.4866,72.3041,71.8085,71.4042,71.3315,70.982,71.03895,70.92465,70.89745,70.25865,70.21765,70.41095,70.2675,69.9057,69.6762,69.79595,69.0488,69.02725,68.6308,68.4484,68.7558,68.20815,68.15785,67.9633,68.25475,67.76345,67.33535,67.04895,67.1537,66.62265,66.39755,66.3528,65.8486,65.65225,65.1817,64.8753,64.8261,64.43735,63.9201,63.503,63.0586,62.2648,62.602,61.63345,61.5177,61.4457,60.6966,60.1435,59.8083,59.4919,58.7647,58.44675,58.2684,57.93155,57.16775,56.5822,56.4734,56.08915,56.3101,55.66485,55.5054,55.03635,55.59345,55.18925,54.97425,54.84235,55.20845,54.6772,54.9218,54.607,54.9639,54.46315,54.18445,54.35785,54.34065,54.25315,54.55045,54.2819,54.21235,54.2148,54.10335,53.84485,54.03645,53.99105,53.4537,53.3507,53.19915,53.64205,53.0997,52.68585,52.332,51.83855,52.42165,51.7022,51.08145,50.872,50.7204,49.89725,49.3638,49.05145,49.03135,48.77635,48.4804,47.6729,46.9157,47.1732,46.44275,45.9645,45.5973,45.0771,44.9013,44.6596,44.34985,42.784,42.89735,41.79665,42.0318,41.3889,40.40755,39.99945,40.0129,39.50655,38.82,39.1432,37.91125,37.72235,37.24755,36.67335,36.35065,35.901,36.193,34.9928,35.15885,34.29675,33.80735,33.9857,33.18325,32.68365,32.3031,31.70375,32.36745,30.80245,30.82035,30.9221,30.81395,29.42445,29.2585,29.40755,29.9073,30.2408,29.5526,30.26755,31.4146,31.6124,31.1157,31.49135,33.0978,33.21535,35.48055,36.6229,38.2796,38.04905,39.52415,40.31475,42.9762,44.4363,47.1178,46.43745,46.7406,49.554,49.89725,48.4539,48.73085,46.51915,49.5525,49.0696,48.89735,48.57345,48.38725,48.7682,48.55155,46.76285,51.2828,49.01145,50.0341,49.93415,48.4552,51.66555,52.36185,52.59455,51.1549
2020,67.17105,68.97835,70.58885,67.41255,59.0414,62.5207,64.6876,66.2497,61.82725,60.5288,62.0164,61.541,61.4473,64.68985,63.42095,63.5557,63.2549,62.7711,65.3002,64.70585,64.4297,67.7133,64.0275,62.1723,64.7181,64.575,65.0882,63.859,63.61445,65.30605,62.41435,68.0245,66.38915,66.743,67.37695,66.053,63.93705,66.1152,66.08805,66.39525,65.8768,66.98125,67.36435,68.61115,66.9611,67.0866,71.55795,68.30805,68.74595,68.8153,68.7332,70.1842,70.3115,70.42435,70.3697,73.68915,72.33465,72.9635,72.2286,73.4475,71.93295,72.7625,73.6086,72.0954,72.5459,72.69095,73.98925,73.62305,74.02545,73.62305,73.17885,73.39185,73.9655,74.48345,73.57245,73.20265,73.9126,74.1382,74.5749,73.9297,73.7934,74.24245,73.7503,74.24165,73.2663,72.7798,73.0737,72.72275,73.02705,72.8267,73.4005,72.92325,72.89625,72.63085,72.5005,72.2862,72.51275,72.62525,72.53365,72.8139,71.7878,71.5912,71.66695,71.50905,71.8081,71.47435,70.9984,70.0049,70.28775,70.2153,70.0768,69.6705,69.5544,69.647,69.0156,69.41335,69.10125,68.92705,67.9835,68.96065,67.98005,68.0925,67.26755,66.9778,67.4535,67.4531,66.3812,67.08445,66.84125,66.6387,65.9667,66.07345,66.0494,65.65915,65.676,65.44215,64.7717,65.1441,64.2307,64.12445,64.0504,63.60105,63.31195,63.7762,63.30375,62.83735,62.12315,61.8844,61.8691,61.7124,61.264,61.17385,60.2853,60.3038,59.8054,59.25355,58.9831,58.4624,58.3161,57.67005,56.9652,56.846,56.32795,56.19695,56.1491,55.39295,55.1372,54.7579,54.5859,55.0279,54.21095,54.30795,54.17735,54.16285,53.62985,54.01145,53.38845,53.35695,53.4917,53.7184,53.3934,53.1489,53.349,53.4688,53.02635,53.09885,52.7754,52.60755,52.66615,52.9888,52.57985,52.3345,52.22935,52.38275,52.14805,51.7432,51.24195,51.4119,51.2033,50.841,50.9168,50.49315,50.0239,49.75585,49.1164,48.704,48.4827,47.82855,47.35765,47.6492,46.71535,46.71145,45.82065,44.79475,45.71935,44.5873,44.77875,43.50465,43.8538,43.5099,42.93625,42.7043,41.80765,42.00955,41.2447,40.35885,40.40935,39.59845,38.94055,37.9366,37.8258,38.1738,36.73415,37.6907,36.3673,36.0369,35.4957,36.13785,34.5461,34.4173,34.59635,34.6037,33.42525,32.6477,32.34815,32.41695,31.71415,30.95765,31.58555,29.88005,30.39695,29.91385,28.81275,29.69035,28.64925,28.6794,28.76885,29.71075,28.8838,29.11425,28.1226,29.54205,30.00745,28.47165,31.3149,31.509,31.65565,34.35605,32.48415,39.22015,35.60815,39.6871,37.1192,41.25745,42.7425,42.86805,44.7436,45.6449,45.87445,47.23465,43.42825,46.53995,48.983,47.0895,45.4308,46.24025,44.8656,43.9437,48.3564,49.77595,44.9255,47.6958,47.74855,49.89175,48.35245,46.6718,50.30335,51.6175,50.15945,50.2313
2020,70.94405,75.0667,67.09015,65.04105,66.1178,64.34265,66.2553,61.734,62.97485,63.42615,62.87095,71.10795,65.28735,65.24845,66.27115,63.295,67.37455,65.88845,63.9346,67.2859,62.6166,69.16495,62.7237,65.161,68.9969,66.8889,65.96625,66.26345,63.3727,69.9742,67.9707,64.3985,69.11425,69.6481,70.56445,65.81095,68.98145,68.5423,69.6281,69.6031,68.5458,68.64375,68.8194,71.7086,71.5962,70.0372,73.85955,70.8318,71.9841,71.1428,73.11555,73.07905,73.71815,73.41595,74.1354,74.18615,73.71865,75.4419,76.54005,76.92335,76.74415,75.8651,76.3186,77.982,76.99665,76.49375,77.24365,78.0558,78.06005,77.3517,77.5494,77.044,78.03455,78.5066,78.6777,78.04155,77.8096,78.5538,78.4546,77.97195,78.0067,78.80005,78.5768,77.51365,78.43955,77.1259,77.31915,78.0622,77.2764,77.3634,76.69215,76.79385,75.9021,76.9159,77.8239,76.8454,76.98755,77.2397,76.75635,76.74155,76.09275,75.85175,76.06525,75.53075,75.96475,75.24985,74.386,74.51345,75.3132,74.55925,73.95325,74.12955,74.4103,73.62945,73.763,74.7092,72.68015,73.19745,73.0507,73.2466,71.83115,72.6139,71.54335,71.8153,71.36815,71.56325,71.7903,71.044,71.02715,70.2691,70.32165,70.17,70.1748,69.9065,69.64075,69.9679,69.4981,68.89145,68.45635,68.51235,68.55125,68.403,67.7352,67.19945,67.1673,67.10045,66.72375,67.07665,66.21205,66.2041,65.3918,64.81505,64.49445,64.18015,64.11275,63.72085,63.18235,62.32645,62.0548,61.87015,62.2233,60.299,60.3439,59.86395,59.3438,58.7062,59.55875,59.37605,58.76025,58.34365,58.55055,58.67405,58.6954,58.14915,58.0425,57.56285,58.52795,57.5636,57.4616,57.19505,57.4471,57.49205,57.6903,57.1745,57.15595,57.81295,56.8074,57.0737,56.91,56.15615,57.0078,56.64915,55.6968,55.73305,55.38005,55.80275,55.4927,54.52585,54.84245,54.2589,53.8012,54.138,53.3155,52.5259,52.43975,52.4802,52.24565,51.0179,50.2979,50.9655,49.5434,49.23525,50.26145,49.26805,48.16215,48.34925,48.46355,46.9373,46.5401,46.3708,45.6069,44.7754,43.97295,44.52615,44.07515,43.5896,41.57455,40.7183,41.3304,41.1353,39.67745,40.9714,39.98935,39.56005,37.769,37.76895,37.9732,36.8374,37.24275,36.79175,36.00095,34.79735,34.4755,34.67195,33.6424,34.0033,33.65335,33.44565,32.4118,32.0598,32.46895,30.1166,31.1429,30.9852,30.45085,30.1438,30.37445,29.9682,28.8137,29.6473,27.5664,28.28385,31.4887,31.9725,32.5998,32.9823,28.33625,32.30815,34.887,36.6146,40.6488,42.94215,38.5617,43.39445,44.70315,42.4497,45.9326,48.3081,52.87615,50.50765,46.64035,53.8966,47.83275,46.24865,48.4103,54.86775,48.89465,48.9847,45.68025,49.6506,46.674,51.6113,50.62945,58.29395,48.59405,56.6689,48.21075,58.20345,52.5168,56.61225
2020,69.42965,75.7595,67.4842,62.5658,67.71375,61.99295,64.89565,66.2277,61.98585,65.58555,62.4786,65.9906,64.56235,65.3381,66.58345,65.9903,64.98775,68.19775,65.5826,65.93175,68.57015,67.32,65.14905,65.757,66.3723,63.55085,66.3524,66.5121,66.85725,67.8698,67.61655,67.0019,64.60095,65.041,67.17985,68.5204,67.7493,67.19845,67.4701,64.9424,68.37545,69.0308,69.74795,69.73415,68.578,69.52365,70.0794,71.0781,71.7253,71.50285,70.23815,73.38945,72.76425,72.43985,73.3432,72.8515,73.3315,74.64825,75.6261,74.50895,76.411,75.83625,76.2557,77.44965,75.07235,76.1732,76.2859,77.7619,75.34565,76.2136,76.0056,75.7268,76.2831,76.6879,76.94265,76.86465,77.1451,77.1729,77.86375,77.25435,76.88035,76.8273,76.98345,76.5613,77.71385,76.9416,76.68475,76.7802,76.96065,76.72475,76.6413,76.7853,76.92005,76.8485,76.4729,76.9073,76.2855,76.23275,76.6737,75.3294,75.82065,76.2105,75.26305,75.3713,75.4048,75.77225,75.33185,74.634,74.4799,74.49715,73.8575,73.809,73.41835,73.8428,72.64205,73.79745,72.5839,72.31915,72.66815,72.1282,72.1088,71.9716,71.88765,71.7822,71.5157,71.6904,71.4045,70.9848,70.96075,70.9008,70.6772,70.53945,70.58635,69.5645,69.1743,69.5043,69.34715,68.98155,68.77305,68.67745,68.3256,67.81325,67.9202,67.4684,67.49745,67.39425,66.1913,66.2617,65.8303,64.99865,65.51515,64.9845,64.59705,64.06585,63.45365,62.55475,62.9745,61.91985,61.92765,61.43825,61.00525,59.95685,59.83205,59.88725,59.04135,58.86315,58.28055,57.48,58.53385,57.61465,58.06495,57.30865,57.09585,57.3759,57.4048,57.10755,57.1768,57.205,56.66205,56.65345,56.9324,56.47905,56.5532,56.3289,56.4949,56.3033,56.29315,55.75335,55.97255,55.721,56.4515,56.15445,55.85445,55.4028,55.01965,54.6683,54.6163,54.2769,53.92585,53.5732,53.5191,53.0588,53.12545,52.39635,52.03025,51.9381,50.77785,50.77635,50.62655,50.6557,50.203,49.20205,48.3636,49.62625,48.36765,47.478,46.95095,47.4793,46.6495,46.03985,45.3153,44.76015,44.90495,44.0316,43.49255,43.13775,41.6696,41.80845,41.25365,40.0766,41.0588,40.17075,38.9052,38.79105,38.5503,37.30265,37.12675,37.78255,37.00185,36.9603,36.2933,35.05555,35.24335,34.44345,34.37075,33.59345,33.43385,32.14935,31.00945,30.70115,31.31005,30.0396,29.26975,28.78905,29.15065,29.4847,29.48015,28.79525,28.75495,28.80965,28.11795,30.2452,30.12225,30.49565,30.9058,30.6139,34.0862,33.62665,37.57345,34.6775,39.67795,40.65645,41.37925,45.98585,46.3388,46.219,47.62865,52.15175,49.2875,52.03375,48.61955,52.9014,50.01875,51.4268,52.8303,51.5093,56.0597,50.4095,50.65,52.636,48.76175,48.09625,50.148,53.5186,51.7574,53.60255,51.67785,50.9771,57.4114,56.3418
2020,72.7531,71.5739,66.31535,64.61955,66.3522,64.99735,64.21535,65.1566,68.82135,63.09835,66.5976,64.9877,69.0712,66.35795,66.7145,68.41585,67.85315,67.23935,68.5495,68.70555,64.59695,66.7264,66.3092,69.38775,70.80355,69.59895,69.952,68.071,71.0607,69.6426,70.6311,68.72875,72.54205,70.2405,70.0422,71.5523,72.83425,73.30295,72.34015,73.89645,74.1804,72.1177,70.7259,73.12265,72.66355,74.3995,75.3927,74.62225,75.96165,74.6814,76.85395,76.5667,77.69185,77.7338,78.54805,78.5046,78.10585,79.01135,78.59425,79.3661,79.2372,79.8769,79.93675,80.4854,78.85205,78.93525,79.2592,79.5266,79.4163,80.0602,79.1778,80.74565,79.84915,79.43295,80.16515,80.7283,80.30785,81.00695,79.71135,80.05675,79.91525,80.09965,79.69485,79.71895,79.09565,79.79715,79.289,78.6711,79.33785,78.8902,79.30575,79.194,78.70975,78.66715,78.74455,78.68695,78.997,78.792,77.49585,77.1606,77.461,77.4531,77.15075,76.8603,77.4532,76.9405,76.80815,76.44485,75.83265,75.82575,75.54665,75.09035,75.4674,74.8025,75.05545,74.6262,74.4557,74.0895,73.80295,73.7339,73.80885,73.881,73.7653,73.0439,72.6552,72.5267,72.79665,72.14905,72.2846,71.9215,71.8044,71.9073,71.7712,71.5305,70.9262,71.05225,70.6168,70.18175,70.13275,69.883,69.35965,69.1962,69.1092,68.9047,68.05755,67.56855,67.70805,67.6666,66.3412,66.63035,66.34845,65.83425,65.64255,65.67455,64.5657,64.53165,63.90275,63.68885,63.11075,62.9757,62.35485,61.88485,61.29215,60.96305,60.63735,60.19915,60.27825,59.9183,59.4767,59.5168,58.8332,59.5974,59.5709,58.6458,58.30025,58.75375,58.5753,58.4738,58.27725,58.18845,58.10115,58.1132,57.68335,57.6247,57.12595,57.4668,57.9652,57.413,56.86245,57.3643,56.89955,56.8704,56.4855,56.5932,56.2229,56.02555,55.56795,55.37825,55.1836,55.29835,55.40595,54.81395,54.48815,53.5794,53.5375,52.9374,52.5296,52.078,51.8233,50.894,51.4305,50.3227,49.57735,50.0389,49.1807,49.07655,48.2245,47.76395,47.2373,46.4075,46.8374,45.61485,44.21515,44.6137,44.49975,43.58835,43.04055,42.4829,42.3805,41.56855,41.26155,40.71105,40.6237,39.5487,39.6407,39.6393,38.62575,38.08945,36.9315,37.219,36.3523,36.17325,35.64025,35.194,34.85065,34.3717,34.2594,33.523,32.12,31.996,31.5707,30.6388,30.88645,30.1238,30.3438,29.59605,29.3247,31.0689,29.3454,29.7227,29.67045,30.13035,30.6586,31.06385,31.36235,33.2527,34.49805,37.01745,35.11295,37.01935,39.98235,42.72365,42.5594,42.88805,45.6053,49.15425,48.3682,46.751,47.807,53.0549,51.81705,51.9719,53.2274,52.30645,50.5794,55.9928,53.08745,53.25455,56.3476,52.4368,49.04645,50.9465,52.97905,51.83585,53.75725,56.16795,56.03455,53.1824,57.22355,57.04665
2020,75.6999,71.54125,68.07745,68.44435,67.82495,66.37435,68.11265,69.78055,67.86005,68.7026,67.52485,70.7814,69.1024,70.4767,70.3624,68.1714,67.9066,69.51205,72.13235,68.03145,69.9999,69.9496,69.5645,70.2132,70.82765,71.8953,71.26955,71.56985,69.07915,70.5939,72.26685,70.2561,71.32355,71.1368,73.02775,71.0676,70.827,70.905,72.73635,73.44615,71.32285,71.29305,73.4751,74.7841,72.83485,74.72775,74.5664,75.04075,74.756,75.18485,77.0077,76.5536,75.87035,77.3379,77.6789,78.51155,77.8257,78.34615,79.4213,79.0161,79.31425,78.62025,79.09755,78.4691,79.36435,79.3906,79.4676,79.5259,80.06565,79.42905,79.6769,79.47615,79.73335,79.9062,80.4403,80.1212,80.2734,79.9635,79.95305,80.0275,79.82265,79.41935,79.69575,80.16785,79.78815,80.3365,79.8126,79.1487,79.6796,79.76445,79.36945,78.9521,79.3481,79.5427,78.75395,79.3731,78.87585,78.78405,78.94195,78.20555,78.53165,77.6998,78.1391,77.444,77.68045,77.48445,77.086,77.28765,76.9934,76.887,76.1046,76.17385,76.5901,76.112,76.05705,75.9564,75.35185,75.29635,75.17685,75.0357,74.8915,74.4818,74.5516,73.85535,74.11275,74.14565,73.8894,73.28635,73.48905,73.24435,73.2193,73.00615,72.68365,72.4847,72.2814,71.65525,71.672,71.65545,71.5173,70.98195,70.844,70.6985,70.3104,69.97955,69.4124,69.4659,69.41625,68.88775,68.2362,68.2189,67.70905,67.5094,67.1811,66.9856,66.12155,65.8619,65.76035,65.07355,64.71285,64.16695,63.8253,63.2623,62.9198,62.40925,62.3379,61.5839,61.6103,61.30735,61.18615,60.7859,60.6053,60.3778,60.5428,60.58415,60.04655,60.04985,59.8812,59.81205,59.5393,59.4862,59.24735,59.5618,59.41745,59.23655,59.12175,59.4394,58.99565,58.99965,58.4875,58.64325,58.593,58.5023,58.32735,58.30135,58.0122,58.0616,57.6103,56.9562,56.8911,56.7111,56.46885,56.6925,56.1164,55.8907,54.8864,54.79555,54.3543,54.45095,53.56645,53.308,52.6286,52.3579,52.02845,51.0372,50.8618,50.2544,50.15635,49.92045,48.54945,48.6424,48.12055,46.89825,47.26655,46.34925,45.9522,45.48335,45.1093,44.4627,43.9387,43.34945,43.47195,42.61885,42.02555,41.68335,40.8756,40.72365,39.56565,39.82695,39.0874,38.8753,38.42005,37.69065,37.2471,36.67215,36.3025,35.54215,35.2176,34.6994,35.65495,34.9219,34.4479,33.318,32.9546,31.3421,32.12095,32.27295,31.7273,31.6583,31.4082,31.0534,30.53715,32.9278,32.91625,34.2696,33.91395,32.9489,35.50585,36.23565,38.51285,41.62845,42.00065,46.95835,44.5949,48.51905,48.5478,52.19035,52.158,55.5877,51.74825,54.7207,53.79065,55.723,55.20515,54.45555,54.1702,55.71195,54.2233,54.9071,56.4367,54.7728,55.39125,58.40225,52.90325,53.989,58.7755,58.45025,56.59165,56.54365,58.54785,62.75945
2020,77.05523503737521,77.15215973511263,79.96297596949782,77.47820197662168,74.09476747102795,71.80273917624041,76.28761350524256,75.91034967139919,71.62248532584157,77.68318868208499,77.35799929764711,74.3746550945668,74.04168966036221,74.4556765163297,75.78723724476998,73.97260823759595,76.76892590177093,72.63357246776702,71.79009682436161,74.17854813625645,74.7683740530778,76.15396578538103,72.88496463151557,71.35759795314303,72.20202678974564,71.6945768323885,71.94030000501681,71.20694325992073,71.40390307530227,68.06371344002407,71.59890633622636,70.5289218883259,70.62780314052074,69.73641699693975,67.1081623438519,69.01715747754979,66.16349771735314,68.82456228365022,68.84096724025486,65.70626599107008,64.18155822003712,65.82586665328851,67.08147293433001,63.897757487583405,64.96683891034967,66.88245622836503,64.4438870215221,65.74920985300757,64.81513068780414,65.18677569859028,63.23293031656048,63.22615762805398,63.30717904981689,65.34856770180103,63.00591983143531,64.49415542065921,66.07851301861236,65.96503286008127,67.0750514222646,66.53514272813926,65.69558019364872,67.05347915516982,67.18471880800682,68.32639341795013,66.81929463703406,67.29288115185872,68.31329955350424,68.91611899864546,68.88892790849346,68.80394320975267,68.56564491045,69.37861837154468,69.11167410826268,68.95048412180806,70.52982491346009,69.48467365675012,70.46706466663322,70.01008378066523,70.963828826569,70.68539607685747,71.40024080670246,72.2113078814027,71.16384889379421,71.53504239201324,71.79441127778057,71.71680128430242,71.86986404454925,71.75904279335775,72.50980785631867,71.70059699994984,72.06371344002407,72.50970752019265,72.97050117894948,72.45502433151056,72.66959313700897,72.97822706065318,72.85962975969498,72.4619475242061,72.21863241860231,72.50112878141775,72.69698489941304,73.08764360608036,72.92454723323132,72.99357848793458,72.83931169417549,72.99648823558923,73.25535544072643,73.01118747805147,73.45076004615461,72.9008679074901,72.96628706165654,72.62188330908543,73.28906837906989,73.10530276426027,73.58265188381077,73.06868007826218,72.9113028645964,73.05272663422465,72.57181558220037,72.85586715496915,72.99101991672102,72.9524908443285,72.51688155320323,72.65549591130286,72.59118045452266,72.8262679977926,72.22881653539356,72.7669191792505,72.7633572467767,72.47624542216425,72.18256158129735,72.44589374404254,72.04610444990719,72.22073947724878,72.17147443937189,72.32137661164903,72.41318416695931,71.66256960818743,72.33788190437967,71.99377916018662,71.73089851000853,71.79135102593689,71.60337129383434,71.11709225906787,71.73947724878343,71.4443385340892,71.36266492750715,71.33507249285105,70.80198665529524,70.70104851251693,70.74549741634476,69.9769226910149,70.03888024883359,69.94320975267145,69.52641348517534,69.58169869061355,69.20363216776201,68.87743942206392,68.4293884513119,68.32338333416946,67.75377514674159,67.76009632268098,67.19580594993228,66.75854111272764,66.7488586765665,66.16816334721317,66.33542366929213,65.76360808709175,66.17935082526463,65.64967641599358,65.15351427281392,65.40515727687755,65.18135754778508,65.28375056439071,64.74900918075554,64.79340791652034,65.03130487131892,64.66477700295991,64.93814277830732,65.13379822405057,65.14819645813475,65.29283098379571,65.3855415642402,65.60703356243415,64.6810314553755,65.37003963276977,64.98424722821451,65.25179350825265,65.6239903677319,65.28124216124016,65.54923995384539,65.68208498469875,65.80770581447851,65.6285054934029,65.83474640044147,65.91014899914714,65.56429037274872,65.9013695881202,65.33281493001556,65.73205237545778,65.45512466763658,65.46330206190738,65.95188882757236,65.6239903677319,65.49054332012241,65.46987407816184,65.02869613204234,64.85004765965986,64.67716851452366,64.50383785682035,64.51096172176793,64.30717904981688,64.35804946571012,64.55887222194352,63.763658255154766,64.12677469522902,62.91787488085085,63.42096021672603,63.21050519239452,62.80991320925099,62.88922891687152,62.00275924346561,62.20925099081924,62.14879847489088,61.677268850649675,60.89560026087393,61.358300306025185,60.397632067425874,60.06551949029248,59.995585210455026,60.11714242713089,60.13314603923143,60.11232629308182,59.16254452415592,59.32072442682988,58.37856820348166,58.19530426930216,57.8203481663573,57.22796367832238,57.21100687302463,56.656097928059,57.18306326192746,55.172277128380074,54.67124868308834,55.493653740029096,56.654041037475544,53.94652084483018,54.633722971956054,55.19776250438971,54.653288516530374,53.9715045402097,53.39552500877941,53.788140269904176,54.145086038228065,52.723774645060956,52.086489740631116,53.95951437315005,52.73827321527116,53.48562684994732,53.48432248030903,54.472231977123364,54.116941754878845,56.30010535293232,56.493101891335975,55.526814829679424,56.306928209501834,60.02453218281242,59.20373250388803,61.01816083881001,61.112376461144834,63.864696734059095,64.63783675312297,67.321276275523,71.03145537550795,68.506747604475,71.63788692118597,69.81191993177143,72.25525510460041,76.31028946972357,74.51005869663372,73.280539808358,72.72598203983344,74.31149350323584,71.74956102944866,75.96593588521547,69.72372447699794,73.80589976421011,75.21798023378318,76.91652034314956,73.55952440676265,77.10695831033964,75.78066522851553,71.74735363467616,76.75106607133898,75.69161691667085,74.94963126473687,79.24607434906939,77.29227913510259,81.06812822956906,76.75507951637988
2020,72.327,73.0078,73.4472,70.4866,67.96975,69.54235,70.7646,68.2668,70.0821,69.9781,70.15615,70.46185,70.208,71.04425,69.9107,69.1824,69.35965,70.83475,70.8309,70.6291,71.6065,69.0188,71.6202,70.47615,71.58305,69.86765,71.163,70.9401,72.6133,70.7008,71.96115,72.59475,72.56125,72.57685,72.6696,72.24775,72.51595,73.49085,73.0841,74.46885,73.5042,73.51075,74.24895,73.67495,75.42115,75.2178,76.5511,76.3246,76.32215,76.2295,76.8995,77.78805,77.7694,77.3188,77.4269,78.0697,78.63855,77.96265,79.12115,78.1872,79.26945,78.69025,79.4962,78.8487,78.9884,79.12775,79.57195,79.3493,79.5428,79.8679,79.98025,79.0513,79.6117,79.06215,79.5852,79.3134,79.30455,79.6097,79.2662,79.39065,79.12555,79.1583,79.19555,78.96,78.8532,78.5813,78.9369,78.4625,78.00815,78.34815,78.0303,78.1042,77.9835,77.6608,77.82875,77.42855,77.3789,77.4474,77.03865,76.5572,76.37285,76.31685,75.8884,76.02315,75.5325,75.59125,75.27795,75.14025,75.1064,74.82965,74.65425,74.39075,74.23515,73.87825,73.6654,73.78995,73.5191,73.1142,73.14985,73.0401,72.81145,72.47515,72.35385,71.98245,71.7565,71.5825,71.42465,71.4128,71.16915,71.1269,70.86495,70.7178,70.43845,70.2566,69.95985,69.65125,69.63695,69.28045,69.2183,68.83745,68.8457,68.39895,68.2239,67.807,67.55205,67.1706,66.81265,66.6407,66.14425,65.9227,65.51995,65.31655,64.88185,64.3444,64.1309,63.7183,63.3596,63.02405,62.627,61.91545,61.6564,61.35185,60.9557,60.4197,60.10225,59.7641,59.37915,59.50435,58.926,58.7377,58.4422,58.92555,58.46155,58.32155,58.35655,58.13075,58.3089,58.18215,57.77745,57.8621,57.9159,57.6535,57.5521,57.49955,57.70795,57.51555,57.45095,57.1296,57.513,57.21405,57.0611,57.1392,56.80785,56.56635,56.3361,56.03385,56.16155,55.97775,55.46645,55.56825,55.7271,55.4963,54.8371,54.731,54.20485,53.90335,53.4213,53.2225,52.7462,52.5467,51.99255,51.75335,51.23995,50.6795,50.4822,50.0526,49.8069,49.19125,48.88075,48.40525,48.10025,47.9967,46.92785,47.0171,46.18915,46.1238,45.5287,44.9176,44.5743,44.44655,43.95695,43.7832,43.53015,43.2333,42.5852,42.23775,41.7311,41.52195,41.03695,40.25365,39.9122,39.91545,39.3446,39.3817,39.25775,38.4915,38.3002,38.20595,37.6599,37.36325,37.294,36.97285,37.07725,37.0451,36.7174,36.04415,35.85015,35.826,36.45435,36.9262,36.62815,36.7324,36.74905,37.927,38.45715,39.101,39.81965,41.2109,41.667,43.89205,44.53935,47.8006,48.0632,49.06745,52.6549,52.1486,56.6325,55.75315,58.39805,58.504,57.0962,58.08365,55.71065,59.0658,56.25065,56.01925,57.84525,56.3602,55.1303,55.12915,54.73515,58.61465,56.62545,56.9598,59.4158,55.28555,59.8635,57.1771,60.66385,63.37995
2020,68.1144,67.9083,66.49185,65.8875,62.89805,62.5044,63.36725,62.74255,61.9858,59.08575,61.50145,63.04345,63.49835,61.8002,64.24895,63.27655,64.3368,65.55355,64.09165,65.72455,64.60345,67.3613,65.1762,63.455,67.7186,65.00635,64.64835,63.85525,64.9089,65.69055,64.7129,66.89115,66.7425,66.0648,68.1706,66.35425,66.7186,68.70255,68.8849,68.4279,67.00035,68.77435,68.10765,70.9085,69.71875,69.29415,71.69935,70.2533,70.4399,71.8289,73.19055,73.20585,72.67745,72.51975,73.9509,75.29035,74.3987,76.4817,74.9067,76.3744,75.98535,75.62825,76.60225,76.42205,75.95665,75.9839,76.19605,76.68785,77.6743,77.17915,77.0915,76.3395,77.3862,77.84635,77.1785,75.91825,76.9078,77.42735,75.86895,75.93625,76.528,76.9793,76.5094,76.4433,75.88665,75.73705,75.92105,76.06535,75.2907,76.14915,75.44665,75.618,74.81055,74.92405,75.18395,74.61925,75.2162,74.9785,74.4297,73.76685,73.28815,73.5984,73.71225,73.2771,73.2448,72.9398,72.99735,72.25305,72.72265,72.65785,72.1046,71.3837,71.81175,71.68265,71.4874,71.84485,70.97665,70.8133,70.1187,71.16005,69.7508,70.47795,69.8757,69.36205,69.3165,69.2822,69.63085,69.0771,68.8043,68.69005,68.28515,68.0569,67.9183,67.33965,67.61355,67.91815,66.9198,67.2514,66.80565,66.65795,66.02605,66.439,65.5061,65.43635,64.93325,65.1653,64.6624,64.39915,64.1116,63.96865,63.5369,62.87155,62.4026,61.91735,61.97065,61.7659,61.50365,60.905,60.1801,59.36055,59.67635,58.63535,58.0427,57.9712,57.62715,56.9789,56.9571,57.0118,56.69565,56.56945,56.69995,56.12245,56.01965,56.3717,55.72885,56.26175,56.1655,55.19995,55.58655,55.8843,55.1583,55.02325,55.5093,56.13215,54.47615,55.1827,54.8253,55.07395,54.7884,54.63055,55.1826,54.27795,54.26035,54.0069,53.33365,54.1135,53.34995,53.46545,53.0808,52.2104,52.9267,51.90605,52.05895,52.1775,51.57685,51.093,50.6648,49.8519,49.22975,49.23975,48.758,48.51135,48.2029,48.1099,47.52145,46.9408,47.1178,45.86845,46.0194,45.51485,44.73225,44.2764,44.26585,43.31035,43.33605,43.35905,41.9942,41.8215,41.26755,41.51585,39.903,41.28465,39.3602,39.3763,38.8768,38.34915,38.58655,37.4221,37.44365,37.1184,36.45985,36.1666,35.9386,35.39935,35.13225,34.97285,34.33985,34.322,33.78145,33.19695,33.17115,32.6903,32.46185,32.02215,30.9019,31.4759,31.4936,31.4679,30.2505,29.37365,30.2988,30.49265,31.7053,31.3198,32.17945,34.6679,32.2027,34.3037,34.961,37.49575,37.4466,39.31345,39.5021,43.46035,43.98235,44.47455,45.34275,47.2524,50.3281,46.38565,49.5307,51.1236,49.908,48.68755,49.22875,50.209,49.0296,49.03225,49.96525,49.6009,48.50035,47.98665,49.6345,51.8732,49.58735,50.0774,51.96545,54.89705,52.4428,52.3947
2020,64.8226,66.4778,64.5542,59.18935,61.0901,58.61015,61.483,61.02,61.9802,62.31525,59.76995,61.3643,62.1346,60.96985,61.7017,61.53,59.76955,61.67975,60.93035,59.6039,59.91015,62.3476,64.6325,62.57955,62.9373,62.2325,61.9777,62.75105,63.0241,62.8336,61.30475,62.35325,63.4122,64.00855,63.11515,62.47285,64.3161,62.305,66.04465,64.0351,65.18055,66.42525,66.0659,65.09765,66.27535,67.9432,67.77335,68.98185,67.9111,69.048,67.8978,70.1272,69.97565,69.6832,71.6122,70.5991,71.43635,72.35845,72.2553,72.7663,72.7119,72.4756,73.1898,73.46715,73.4069,72.95915,74.34705,73.59125,73.31015,73.46925,73.8103,74.1206,73.81305,73.46655,74.3249,74.25625,74.5191,74.0687,74.43255,74.3555,73.9156,73.88255,73.8649,73.7012,73.6,73.08965,73.54615,73.25855,73.32365,73.4226,73.31,73.0563,72.6242,72.83985,72.6133,72.59645,72.5274,72.24225,72.5999,71.9318,72.30805,71.54715,70.84375,70.76165,71.34965,71.00135,70.45905,70.30395,70.4658,69.8963,69.97205,69.3878,69.6305,69.227,68.9124,69.1226,68.3828,68.66345,68.2561,68.2473,67.96345,67.62015,67.34605,67.8403,66.85735,67.3789,67.44885,65.92835,66.45105,66.3643,66.11225,65.8335,65.58705,64.92715,64.77245,65.75425,65.079,64.28355,64.07915,63.87635,64.0573,63.69165,63.27595,62.97405,62.7064,62.384,61.98425,61.4854,61.4843,60.75275,60.6511,60.7112,59.55315,59.7123,59.0312,58.62805,58.5187,57.2551,57.0265,56.89345,56.71675,55.49875,55.67365,55.19935,54.1743,53.73435,53.9769,53.866,53.721,53.43435,54.0213,52.86295,53.0419,52.94065,53.214,52.99975,52.76395,52.73475,52.91165,52.02525,52.61375,52.6464,52.48805,52.12415,52.2229,51.9239,51.60755,51.74,51.9811,51.30045,51.76525,51.48185,51.5875,51.2015,51.04005,50.9227,50.2768,50.56015,50.025,49.31255,49.7226,49.28875,49.20355,48.6571,47.83315,48.0297,47.8907,46.93155,47.0025,46.31325,46.37985,46.11145,44.84805,45.28615,44.4516,44.117,43.28645,43.25725,43.52375,42.31235,42.5508,40.94585,40.7051,40.5596,40.44035,39.8237,39.13975,38.5701,39.1516,38.55475,38.24495,38.2276,37.65165,36.4637,36.6514,35.40045,35.51715,35.52925,34.86535,33.84465,33.41945,32.47785,32.61185,32.72925,32.5613,32.1652,32.7049,30.8313,30.1948,30.4143,30.28205,29.4166,28.63475,29.01355,29.0003,29.25235,29.3564,28.71545,27.78835,28.05405,26.58125,28.8386,29.0575,29.01025,29.9481,30.0273,32.39485,32.32275,33.5744,33.9719,36.84995,38.6893,39.49215,42.2781,42.95485,43.8544,45.23015,46.0013,50.06865,47.02935,45.5795,46.5285,47.3223,46.97255,48.57225,49.65275,48.2135,44.6349,50.8298,46.83495,44.6851,47.12815,50.2181,48.51955,49.6922,51.25665,48.53355,48.45245,51.463,51.4518
2020,71.0492,66.05745,60.85385,62.04005,62.0123,61.1456,60.3667,61.92115,64.6853,63.50095,61.7634,62.45235,62.7219,63.0441,63.2924,65.4103,64.32335,64.30335,64.63805,66.42635,64.3739,63.8373,64.25945,63.98655,63.83115,63.61045,65.9641,63.5678,65.43645,64.319,65.58635,64.1891,66.2268,65.87875,67.0243,65.75255,66.97885,67.2448,68.6043,66.05335,69.94695,67.36175,68.0397,69.9673,69.6355,69.0539,69.3006,69.1799,71.2907,70.7478,71.18735,71.8168,71.4594,72.30075,74.3282,73.29675,73.53035,73.31325,73.72935,74.49485,74.65775,74.82595,75.42885,75.2438,75.32405,75.1899,74.5409,75.20305,75.5497,75.7316,75.38475,76.0871,76.06245,75.8564,75.9288,76.52755,76.2523,76.0701,75.87645,75.477,75.76195,75.52025,75.6224,75.6969,75.7661,75.66585,75.58975,75.58575,74.7802,75.0854,74.9048,75.06915,74.89015,74.50895,74.8441,74.8506,74.54435,73.75485,74.1252,73.5451,73.883,73.2787,73.39655,73.18115,73.1872,72.9313,73.06095,72.28485,72.46865,71.7807,71.66635,71.3724,71.4978,71.01085,71.0566,70.5538,70.28155,70.54435,69.9365,70.1367,69.5918,69.75665,69.9723,69.00635,68.55145,68.7111,68.79555,67.96005,68.3154,68.11225,68.0676,67.26855,67.47945,67.2578,66.68965,66.642,67.0516,65.9639,66.17455,65.6319,65.71585,65.04045,64.8969,64.30245,64.4909,63.69345,63.76845,63.63855,62.58665,62.5355,62.3703,61.69375,61.79855,61.4874,60.52765,60.6578,60.0706,59.1426,58.85025,59.01235,58.64375,57.8681,57.33815,56.8426,56.4023,56.6537,56.2104,55.8894,55.5164,55.8052,54.85205,55.08085,55.0081,54.5928,54.31655,54.70835,54.4465,54.58955,54.75615,54.52065,53.9958,54.0436,53.73215,53.7044,53.5917,53.50525,54.05445,53.41935,52.67135,52.916,53.00695,53.0801,52.9545,53.04515,52.88245,52.29075,52.13535,51.7,51.90345,51.99475,52.1329,51.30175,50.92205,50.0783,50.01815,49.7807,49.7241,49.15575,48.26805,47.84955,48.2868,47.33965,46.7092,47.0782,46.50225,46.24365,45.3594,45.27435,44.30945,44.2075,44.36605,43.08365,42.06945,42.11745,42.2237,41.91525,41.7075,41.148,41.3543,40.16875,40.5405,39.71895,39.5663,39.51765,37.79595,38.03695,37.58465,37.6084,36.5831,35.9557,35.52715,35.30425,35.13365,34.0875,33.8362,34.347,33.2685,33.27915,32.5231,32.4049,32.7351,31.05705,30.0712,30.7918,30.28305,29.77785,28.6028,30.69475,30.05815,30.2143,29.5798,30.40965,31.15175,30.8026,30.6878,31.6479,31.2455,34.3798,35.42735,36.55095,36.99185,40.40195,41.49515,40.49895,45.5779,45.06155,48.55645,48.32395,47.0047,49.2686,48.9871,48.76705,51.51105,47.96885,49.89055,52.6608,48.1384,48.22755,50.1811,47.52615,44.2553,49.95345,48.9946,51.49415,55.97205,56.25815,49.04475,52.7807,53.8175,51.1423
2020,79.44036838066002,78.5667434126375,77.2499360450243,77.06574571501663,75.12207725761064,74.74689178818112,77.09536965975953,76.67127142491685,74.74151957022256,76.82972627270402,75.66119212074699,77.21437707853671,75.96705039652085,77.23136352008186,76.58255308262983,76.58347403427987,77.15405474545919,77.19785111281658,78.4818623688923,75.95226400613967,77.21059094397545,78.11742133537989,78.17697620874904,77.89705807111794,77.20844205679202,78.56894346380149,77.64379636735738,77.83248912765413,74.96945510360706,76.80046047582502,78.18966487592735,76.4582757738552,75.24870810949092,76.12883090304426,76.65039652084933,77.44574059861857,78.2725505244308,76.10775134305449,77.00992581222819,77.14689178818112,76.28007162957277,77.38260424661038,78.0932207725761,77.09859299053467,76.83827065745714,77.2951650038373,78.01795855717575,77.76761320030698,77.78644154515221,78.63013558454848,79.1990278843694,80.00711179329753,78.85495011511895,79.6914300332566,79.69751854694296,79.83376822716808,80.3407521105142,79.7754412893323,81.15564082885649,80.99253005883858,80.25530826298287,80.84430800716295,80.51568176004093,80.87065745715017,80.74013814274751,81.0995139421847,81.05095932463546,81.09414172422615,81.52315170120235,81.30442568431825,81.49772320286519,81.53159375799437,81.57487848554618,81.31389102072141,81.78408800204656,81.68784855461755,81.62507035047327,81.87807623433103,81.48007162957278,81.62844717319007,81.17395753389614,81.42788436940394,81.21949347659248,81.26334100793042,81.4325402916347,81.81407009465336,80.7423381939115,81.1694039396265,80.94295216167818,80.78275773855206,80.82174469173702,80.82640061396776,80.63085188027628,80.6934765924789,80.45402916346892,80.57211563059606,80.34950115118956,80.35313379380916,80.22814018930673,79.99365566641085,79.82271680736761,79.44881043745204,79.35318495778972,79.31737017139933,79.17564594525454,79.322844717319,78.78925556408288,78.95523151701202,78.8604758250192,78.28375543617294,78.09971859810693,78.24978255308262,78.18905090816065,77.81760040931185,77.7174213353799,77.4385776413405,77.23233563571246,77.40813507290868,76.93149143003326,76.92453312867741,77.22778204144282,76.74643131235611,76.31859810693273,76.10770017907393,76.0898439498593,76.04978255308264,76.07454591967254,75.5827065745715,75.54883601944232,75.55231517012024,75.09654643131236,75.3035047326682,74.79846508058327,74.77124584292658,74.50846763878229,73.9540547454592,74.08595548733692,73.87505755947812,73.81161422358659,73.89470452801228,73.22752622154003,72.98275773855205,73.05218726016884,72.71829112304937,72.2592478894858,72.08309030442568,71.81130723970325,71.4206702481453,71.21847019698133,70.92059350217447,70.59785111281657,70.12806344333589,69.54238935789205,69.7407521105142,69.18301355845485,68.7280634433359,68.41294448708109,68.19570222563316,67.81217702737273,66.94888718342287,67.0009721156306,66.09173701713993,66.06907137375288,65.60250703504732,65.53190074187772,64.92530058838578,64.66027116909696,64.57416218981837,64.33323100537221,64.07444359171143,63.86615502686109,63.790176515732924,63.60711179329752,63.5477615758506,63.399232540291635,63.32985418265541,63.23484267075978,62.98562292146329,63.24446149910463,63.2958812995651,62.62189818367869,62.846354566385266,62.7474034279867,62.83658224609874,62.67106676899463,62.46861089792786,62.94346380148376,62.46047582501919,62.30125351752366,62.20573036582246,62.2805321053978,62.316960859554875,61.991302123305196,62.21284215911998,62.092299820926065,61.72975185469429,61.67746226656434,61.35558966487593,61.415093374264515,60.704221028396006,60.91798413916603,60.69557431568176,60.25203376822717,60.0655410590944,60.165771297006906,59.475057559478124,58.76341775390125,58.972678434382196,58.46702481453057,58.294960347915065,57.73855205935022,57.70851880276285,57.33804041954464,57.053568687643896,56.37789716039908,55.914504988488105,55.73609618828345,55.31343054489639,55.164082885648504,54.783320542338195,54.21140956766436,54.02041442824252,53.924379636735736,53.33399846508058,52.82082374008698,52.39795344077769,51.96618060885137,51.57656689690458,50.694858019953955,51.31593757994372,50.950677922742386,50.21437707853671,49.95333844973139,49.73624968022512,49.15738040419544,49.04809414172423,48.60547454591967,48.18117165515477,47.63110770017907,46.86743412637503,46.95108723458685,46.44548477871579,46.033256587362494,45.900946533640315,45.90299309286262,45.73947301100026,44.655001279099515,44.89756971092351,44.71128165771297,44.17477615758506,43.78158096699923,43.074750575594784,43.216065489895115,43.244359171143515,42.9084676387823,42.468457405986186,42.22015860833973,42.350933742645175,43.34730110002558,43.62184701969813,43.103044256843184,43.11721667945766,44.71189562547966,44.65704783832182,45.755026861089796,46.32565873624968,47.48252750063955,49.07909951394218,51.53609618828345,52.104374520337686,55.56991557943208,59.110718853926834,62.49189050908161,59.636377590176515,65.71926323867997,64.35303146584805,65.61698644154515,65.61954464057304,69.37876694806856,67.33435661294449,70.51557943207982,69.03658224609875,69.9058071117933,71.450550012791,70.00332565873624,69.22184701969813,68.70698388334613,68.037247377846,69.4205679201842,69.1078536710156,69.26293169608596,68.32642619595805,70.08994627782042,69.8598618572525,71.91532361217703,69.99314402660526,71.23878229726273,70.44400102327961,76.65213609618829,74.17492964952673
